sim.id,measurement,method,variable,component,value
1,mean,truth,tau,-1,0.600240599346642
1,mean,mfvb,tau,-1,0.534255197797808
1,sd,mfvb,tau,-1,0.0336549140480148
1,sd,lrvb,tau,-1,0.0339226222616707
1,mean,truth,nu,-1,1.81824445053103
1,mean,mfvb,nu,-1,1.67344429295971
1,sd,mfvb,nu,-1,0.788869204993161
1,sd,lrvb,nu,-1,0.801790695555631
1,mean,truth,beta,1,0.660323570976716
1,mean,mfvb,beta,1,0.510994110697251
1,sd,mfvb,beta,1,0.065083297787772
1,sd,lrvb,beta,1,0.0833245508874576
1,mean,truth,beta,2,1.90572284603966
1,mean,mfvb,beta,2,1.90008409796279
1,sd,mfvb,beta,2,0.0617777032219224
1,sd,lrvb,beta,2,0.0849394824079229
1,mean,truth,beta,3,2.51237558127874
1,mean,mfvb,beta,3,2.59554947294758
1,sd,mfvb,beta,3,0.0644373500661145
1,sd,lrvb,beta,3,0.0646564710194884
1,mean,truth,gamma,1,-0.220536394501751
1,mean,mfvb,gamma,1,-0.371536935590451
1,sd,mfvb,gamma,1,0.163812213116702
1,sd,lrvb,gamma,1,0.188725783274822
1,mean,truth,gamma,2,-0.310808724733059
1,mean,mfvb,gamma,2,-0.140872970905919
1,sd,mfvb,gamma,2,0.146994044391178
1,sd,lrvb,gamma,2,0.166122864420071
1,mean,truth,gamma,3,-0.495091303545233
1,mean,mfvb,gamma,3,-0.275588740727779
1,sd,mfvb,gamma,3,0.151800030203293
1,sd,lrvb,gamma,3,0.172945447522454
1,mean,truth,gamma,4,-1.03808913758736
1,mean,mfvb,gamma,4,-1.01328847017095
1,sd,mfvb,gamma,4,0.139475267221506
1,sd,lrvb,gamma,4,0.16917455548009
1,mean,truth,gamma,5,-0.267790286254771
1,mean,mfvb,gamma,5,0.0548066296844369
1,sd,mfvb,gamma,5,0.153622285690594
1,sd,lrvb,gamma,5,0.177945905498369
1,mean,mcmc,beta,1,0.427025645675587
1,sd,mcmc,beta,1,0.0804551246516784
1,effsize,mcmc,beta,1,1700
1,mean,mcmc,beta,2,1.75047463819661
1,sd,mcmc,beta,2,0.0804790537234068
1,effsize,mcmc,beta,2,1700
1,mean,mcmc,beta,3,2.4847173365657
1,sd,mcmc,beta,3,0.0662613927669726
1,effsize,mcmc,beta,3,1700
1,mean,mcmc,tau,-1,0.525953453959897
1,sd,mcmc,tau,-1,0.033911091622039
1,effsize,mcmc,tau,-1,1700.00000000001
1,mean,mcmc,nu,-1,3.80551052888652
1,sd,mcmc,nu,-1,2.24490586059448
1,effsize,mcmc,nu,-1,1700
1,mean,mcmc,gamma,1,-0.195297652553434
1,sd,mcmc,gamma,1,0.172601797859487
1,effsize,mcmc,gamma,1,1700
1,mean,mcmc,gamma,2,-0.00696725406335543
1,sd,mcmc,gamma,2,0.167289465850077
1,effsize,mcmc,gamma,2,1766.90997561428
1,mean,mcmc,gamma,3,-0.127718682874724
1,sd,mcmc,gamma,3,0.171456309296902
1,effsize,mcmc,gamma,3,1700
1,mean,mcmc,gamma,4,-0.816282479445656
1,sd,mcmc,gamma,4,0.162958324014878
1,effsize,mcmc,gamma,4,1700
1,mean,mcmc,gamma,5,0.186309664597261
1,sd,mcmc,gamma,5,0.174367558356512
1,effsize,mcmc,gamma,5,1700
2,mean,truth,tau,-1,0.748353305251207
2,mean,mfvb,tau,-1,0.780057758044869
2,sd,mfvb,tau,-1,0.0491390199060314
2,sd,lrvb,tau,-1,0.0495297452335482
2,mean,truth,nu,-1,3.60449945500708
2,mean,mfvb,nu,-1,1.57011568044334
2,sd,mfvb,nu,-1,0.740159629925879
2,sd,lrvb,nu,-1,0.748240143362443
2,mean,truth,beta,1,2.60179702582935
2,mean,mfvb,beta,1,2.59034122009481
2,sd,mfvb,beta,1,0.0538653826397255
2,sd,lrvb,beta,1,0.0693063366210322
2,mean,truth,beta,2,2.55532997491877
2,mean,mfvb,beta,2,2.47141026933915
2,sd,mfvb,beta,2,0.0511292143000127
2,sd,lrvb,beta,2,0.0707377151922534
2,mean,truth,beta,3,1.35555541035967
2,mean,mfvb,beta,3,1.3843662619733
2,sd,mfvb,beta,3,0.0533306787752597
2,sd,lrvb,beta,3,0.0535135482689663
2,mean,truth,gamma,1,0.0278168948223548
2,mean,mfvb,gamma,1,0.216150781070055
2,sd,mfvb,gamma,1,0.136669180901288
2,sd,lrvb,gamma,1,0.157695942984773
2,mean,truth,gamma,2,0.0666768134546821
2,mean,mfvb,gamma,2,-0.0118260281052537
2,sd,mfvb,gamma,2,0.12244335146185
2,sd,lrvb,gamma,2,0.138681025974234
2,mean,truth,gamma,3,-0.0990447271165659
2,mean,mfvb,gamma,3,0.0188330295705556
2,sd,mfvb,gamma,3,0.126501695703073
2,sd,lrvb,gamma,3,0.144315771729411
2,mean,truth,gamma,4,1.14276553124153
2,mean,mfvb,gamma,4,1.25786026662269
2,sd,mfvb,gamma,4,0.116104609684309
2,sd,lrvb,gamma,4,0.141146456611814
2,mean,truth,gamma,5,0.0684217140718641
2,mean,mfvb,gamma,5,0.151937683133651
2,sd,mfvb,gamma,5,0.128041872088647
2,sd,lrvb,gamma,5,0.149053378623329
2,mean,mcmc,beta,1,2.43328534748405
2,sd,mcmc,beta,1,0.0686535829260288
2,effsize,mcmc,beta,1,1700
2,mean,mcmc,beta,2,2.31077849923602
2,sd,mcmc,beta,2,0.0712917115090291
2,effsize,mcmc,beta,2,1700
2,mean,mcmc,beta,3,1.34548593231172
2,sd,mcmc,beta,3,0.0527023665016983
2,effsize,mcmc,beta,3,1700
2,mean,mcmc,tau,-1,0.769670000625783
2,sd,mcmc,tau,-1,0.0481101401080165
2,effsize,mcmc,tau,-1,1700
2,mean,mcmc,nu,-1,1.94327447410774
2,sd,mcmc,nu,-1,1.11848870092036
2,effsize,mcmc,nu,-1,1700
2,mean,mcmc,gamma,1,0.435961794622585
2,sd,mcmc,gamma,1,0.163622068367388
2,effsize,mcmc,gamma,1,1969.54552221698
2,mean,mcmc,gamma,2,0.163473463246035
2,sd,mcmc,gamma,2,0.14185552603069
2,effsize,mcmc,gamma,2,1700
2,mean,mcmc,gamma,3,0.210160448833029
2,sd,mcmc,gamma,3,0.145448711128257
2,effsize,mcmc,gamma,3,1700
2,mean,mcmc,gamma,4,1.46229198918006
2,sd,mcmc,gamma,4,0.142474802400289
2,effsize,mcmc,gamma,4,1816.58910778308
2,mean,mcmc,gamma,5,0.351773131363602
2,sd,mcmc,gamma,5,0.146291301203155
2,effsize,mcmc,gamma,5,1700
3,mean,truth,tau,-1,0.291648271645034
3,mean,mfvb,tau,-1,0.305859256440562
3,sd,mfvb,tau,-1,0.0192673221125919
3,sd,lrvb,tau,-1,0.0194205754939052
3,mean,truth,nu,-1,2.18769713162602
3,mean,mfvb,nu,-1,1.20161010648937
3,sd,mfvb,nu,-1,0.566444436427284
3,sd,lrvb,nu,-1,0.579288960679851
3,mean,truth,beta,1,0.261037682825028
3,mean,mfvb,beta,1,0.114382159828406
3,sd,mfvb,beta,1,0.086003065406635
3,sd,lrvb,beta,1,0.109147170939748
3,mean,truth,beta,2,0.956400164105977
3,mean,mfvb,beta,2,0.910085783429433
3,sd,mfvb,beta,2,0.0816362148886091
3,sd,lrvb,beta,2,0.111087664307457
3,mean,truth,beta,3,1.45817632298339
3,mean,mfvb,beta,3,1.49802473169967
3,sd,mfvb,beta,3,0.0851498429506638
3,sd,lrvb,beta,3,0.0854335156540738
3,mean,truth,gamma,1,-0.393670248530402
3,mean,mfvb,gamma,1,-0.572626640114805
3,sd,mfvb,gamma,1,0.215275577943691
3,sd,lrvb,gamma,1,0.246922380165984
3,mean,truth,gamma,2,1.20447397065449
3,mean,mfvb,gamma,2,1.31791846600774
3,sd,mfvb,gamma,2,0.193386529589668
3,sd,lrvb,gamma,2,0.21858586782615
3,mean,truth,gamma,3,0.278355112045137
3,mean,mfvb,gamma,3,-0.087817833003217
3,sd,mfvb,gamma,3,0.1996488993852
3,sd,lrvb,gamma,3,0.226068872383879
3,mean,truth,gamma,4,-1.09774404629165
3,mean,mfvb,gamma,4,-1.07516073288101
3,sd,mfvb,gamma,4,0.183578133559572
3,sd,lrvb,gamma,4,0.220744608832014
3,mean,truth,gamma,5,-0.623399118325277
3,mean,mfvb,gamma,5,-0.251678409332806
3,sd,mfvb,gamma,5,0.202021863081089
3,sd,lrvb,gamma,5,0.233239077983294
3,mean,mcmc,beta,1,0.0686854249694575
3,sd,mcmc,beta,1,0.104444678621103
3,effsize,mcmc,beta,1,1700
3,mean,mcmc,beta,2,0.802388885511572
3,sd,mcmc,beta,2,0.10237845087527
3,effsize,mcmc,beta,2,1572.21424663722
3,mean,mcmc,beta,3,1.39662888247005
3,sd,mcmc,beta,3,0.0834930077101201
3,effsize,mcmc,beta,3,1700
3,mean,mcmc,tau,-1,0.304897560732302
3,sd,mcmc,tau,-1,0.0190961990132395
3,effsize,mcmc,tau,-1,1700
3,mean,mcmc,nu,-1,1.65568236208038
3,sd,mcmc,nu,-1,0.947762441025681
3,effsize,mcmc,nu,-1,1700
3,mean,mcmc,gamma,1,-0.455147155545294
3,sd,mcmc,gamma,1,0.24163444650387
3,effsize,mcmc,gamma,1,1700
3,mean,mcmc,gamma,2,1.38560535166776
3,sd,mcmc,gamma,2,0.216102089014321
3,effsize,mcmc,gamma,2,1700
3,mean,mcmc,gamma,3,-0.00263903653302049
3,sd,mcmc,gamma,3,0.226986115921987
3,effsize,mcmc,gamma,3,1700
3,mean,mcmc,gamma,4,-0.945727208525728
3,sd,mcmc,gamma,4,0.214141434361547
3,effsize,mcmc,gamma,4,1700
3,mean,mcmc,gamma,5,-0.15238433766449
3,sd,mcmc,gamma,5,0.220868024252668
3,effsize,mcmc,gamma,5,1700
4,mean,truth,tau,-1,0.844568216466802
4,mean,mfvb,tau,-1,0.879550522570378
4,sd,mfvb,tau,-1,0.0554064749580506
4,sd,lrvb,tau,-1,0.0558561642933054
4,mean,truth,nu,-1,3.55173819344544
4,mean,mfvb,nu,-1,1.26885177656193
4,sd,mfvb,nu,-1,0.598142463685027
4,sd,lrvb,nu,-1,0.606285681799026
4,mean,truth,beta,1,2.43442186019134
4,mean,mfvb,beta,1,2.4854798126405
4,sd,mfvb,beta,1,0.0507282539165465
4,sd,lrvb,beta,1,0.0655444313732942
4,mean,truth,beta,2,1.85656567708148
4,mean,mfvb,beta,2,1.82283104829727
4,sd,mfvb,beta,2,0.0481513631050768
4,sd,lrvb,beta,2,0.0669925859777721
4,mean,truth,beta,3,2.74245773356756
4,mean,mfvb,beta,3,2.69212423342009
4,sd,mfvb,beta,3,0.0502246696948441
4,sd,lrvb,beta,3,0.0503978104552076
4,mean,truth,gamma,1,-0.0646757475394091
4,mean,mfvb,gamma,1,-0.0665323509538927
4,sd,mfvb,gamma,1,0.129245427386752
4,sd,lrvb,gamma,1,0.149420990222113
4,mean,truth,gamma,2,-0.0376029343742303
4,mean,mfvb,gamma,2,-0.0201266025596432
4,sd,mfvb,gamma,2,0.115696732149708
4,sd,lrvb,gamma,2,0.131358095931355
4,mean,truth,gamma,3,-0.5625887563015
4,mean,mfvb,gamma,3,-0.584524046951964
4,sd,mfvb,gamma,3,0.119558508870505
4,sd,lrvb,gamma,3,0.137082071210517
4,mean,truth,gamma,4,-0.20119919023656
4,mean,mfvb,gamma,4,-0.146864367252366
4,sd,mfvb,gamma,4,0.109670132698297
4,sd,lrvb,gamma,4,0.132620157568853
4,mean,truth,gamma,5,-1.88632639038761
4,mean,mfvb,gamma,5,-1.62907920205874
4,sd,mfvb,gamma,5,0.121024779127335
4,sd,lrvb,gamma,5,0.142729171306885
4,mean,mcmc,beta,1,2.35214919884954
4,sd,mcmc,beta,1,0.0623613962227771
4,effsize,mcmc,beta,1,1509.66274867095
4,mean,mcmc,beta,2,1.69852440273197
4,sd,mcmc,beta,2,0.0638950791060055
4,effsize,mcmc,beta,2,1700
4,mean,mcmc,beta,3,2.62319706185636
4,sd,mcmc,beta,3,0.0500003074175772
4,effsize,mcmc,beta,3,1700
4,mean,mcmc,tau,-1,0.868591611391919
4,sd,mcmc,tau,-1,0.0561580164220932
4,effsize,mcmc,tau,-1,1700
4,mean,mcmc,nu,-1,2.05237934562559
4,sd,mcmc,nu,-1,1.14051304515525
4,effsize,mcmc,nu,-1,1700
4,mean,mcmc,gamma,1,0.106006140181672
4,sd,mcmc,gamma,1,0.148900266578637
4,effsize,mcmc,gamma,1,1700
4,mean,mcmc,gamma,2,0.12383256814654
4,sd,mcmc,gamma,2,0.129506192833422
4,effsize,mcmc,gamma,2,1700.00000000001
4,mean,mcmc,gamma,3,-0.421285010797026
4,sd,mcmc,gamma,3,0.140725680716537
4,effsize,mcmc,gamma,3,1700.00000000001
4,mean,mcmc,gamma,4,0.0306820563134239
4,sd,mcmc,gamma,4,0.129612727167268
4,effsize,mcmc,gamma,4,1951.10390681143
4,mean,mcmc,gamma,5,-1.45583714853435
4,sd,mcmc,gamma,5,0.139671281359883
4,effsize,mcmc,gamma,5,1700
5,mean,truth,tau,-1,0.550854484286823
5,mean,mfvb,tau,-1,0.570101429718687
5,sd,mfvb,tau,-1,0.0359130144075718
5,sd,lrvb,tau,-1,0.0361951798041277
5,mean,truth,nu,-1,1.42593534736056
5,mean,mfvb,nu,-1,1.68339239686339
5,sd,mfvb,nu,-1,0.793558786146655
5,sd,lrvb,nu,-1,0.801690618244964
5,mean,truth,beta,1,1.7612328367136
5,mean,mfvb,beta,1,1.77042433067058
5,sd,mfvb,beta,1,0.0630048076552059
5,sd,lrvb,beta,1,0.0803747126956642
5,mean,truth,beta,2,2.37229423071421
5,mean,mfvb,beta,2,2.3052053348449
5,sd,mfvb,beta,2,0.0598047020816051
5,sd,lrvb,beta,2,0.081896321212728
5,mean,truth,beta,3,2.59744438314737
5,mean,mfvb,beta,3,2.69190164128309
5,sd,mfvb,beta,3,0.0623794670563462
5,sd,lrvb,beta,3,0.0625912149573907
5,mean,truth,gamma,1,-1.15360504724442
5,mean,mfvb,gamma,1,-0.873181564541313
5,sd,mfvb,gamma,1,0.158783038361147
5,sd,lrvb,gamma,1,0.183239535580952
5,mean,truth,gamma,2,-0.355665185225773
5,mean,mfvb,gamma,2,-0.346131796463734
5,sd,mfvb,gamma,2,0.142445412230011
5,sd,lrvb,gamma,2,0.160853184291388
5,mean,truth,gamma,3,-0.0787122528458166
5,mean,mfvb,gamma,3,-0.0271692604548963
5,sd,mfvb,gamma,3,0.147112830722372
5,sd,lrvb,gamma,3,0.16707810339831
5,mean,truth,gamma,4,0.390522346065342
5,mean,mfvb,gamma,4,0.223917457864394
5,sd,mfvb,gamma,4,0.135145313035118
5,sd,lrvb,gamma,4,0.161880301530258
5,mean,truth,gamma,5,0.626570111669307
5,mean,mfvb,gamma,5,0.552848374435508
5,sd,mfvb,gamma,5,0.148882801537681
5,sd,lrvb,gamma,5,0.172465415229057
5,mean,mcmc,beta,1,1.61693383417482
5,sd,mcmc,beta,1,0.0781312450044934
5,effsize,mcmc,beta,1,1618.67485163627
5,mean,mcmc,beta,2,2.11959208492035
5,sd,mcmc,beta,2,0.0802320089580932
5,effsize,mcmc,beta,2,1289.41382373185
5,mean,mcmc,beta,3,2.58562924778879
5,sd,mcmc,beta,3,0.0614472999322851
5,effsize,mcmc,beta,3,1700
5,mean,mcmc,tau,-1,0.560051380336909
5,sd,mcmc,tau,-1,0.0354742503652916
5,effsize,mcmc,tau,-1,2205.62627842994
5,mean,mcmc,nu,-1,3.09713822531386
5,sd,mcmc,nu,-1,1.68161352133151
5,effsize,mcmc,nu,-1,1700
5,mean,mcmc,gamma,1,-0.617707583162553
5,sd,mcmc,gamma,1,0.179413270345924
5,effsize,mcmc,gamma,1,1425.58196714798
5,mean,mcmc,gamma,2,-0.153022729868324
5,sd,mcmc,gamma,2,0.152907967051443
5,effsize,mcmc,gamma,2,1700
5,mean,mcmc,gamma,3,0.169018317610755
5,sd,mcmc,gamma,3,0.170208800968426
5,effsize,mcmc,gamma,3,1700
5,mean,mcmc,gamma,4,0.441511749141074
5,sd,mcmc,gamma,4,0.161383343261337
5,effsize,mcmc,gamma,4,1380.38373189822
5,mean,mcmc,gamma,5,0.732454363858063
5,sd,mcmc,gamma,5,0.172658697486981
5,effsize,mcmc,gamma,5,1700
6,mean,truth,tau,-1,0.92647560725625
6,mean,mfvb,tau,-1,1.03974710755921
6,sd,mfvb,tau,-1,0.0654979112619143
6,sd,lrvb,tau,-1,0.066022006685832
6,mean,truth,nu,-1,2.38299082896436
6,mean,mfvb,nu,-1,1.50276106142176
6,sd,mfvb,nu,-1,0.708408358022946
6,sd,lrvb,nu,-1,0.714034764460353
6,mean,truth,beta,1,2.84091925737995
6,mean,mfvb,beta,1,2.94396890350744
6,sd,mfvb,beta,1,0.0466578929869816
6,sd,lrvb,beta,1,0.0601569910176921
6,mean,truth,beta,2,0.703623869343168
6,mean,mfvb,beta,2,0.654772767168935
6,sd,mfvb,beta,2,0.0442876821644559
6,sd,lrvb,beta,2,0.0614407463247382
6,mean,truth,beta,3,2.1621450279029
6,mean,mfvb,beta,3,2.21801797031236
6,sd,mfvb,beta,3,0.0461946916282572
6,sd,lrvb,beta,3,0.0463535951580868
6,mean,truth,gamma,1,-0.666941654045591
6,mean,mfvb,gamma,1,-0.765193724106958
6,sd,mfvb,gamma,1,0.11887023116699
6,sd,lrvb,gamma,1,0.137732256331656
6,mean,truth,gamma,2,0.565787743552173
6,mean,mfvb,gamma,2,0.485478827838347
6,sd,mfvb,gamma,2,0.106409579072115
6,sd,lrvb,gamma,2,0.120657417575649
6,mean,truth,gamma,3,0.568716927265638
6,mean,mfvb,gamma,3,0.457254216868963
6,sd,mfvb,gamma,3,0.109961246389357
6,sd,lrvb,gamma,3,0.125586748556308
6,mean,truth,gamma,4,-0.552573122997939
6,mean,mfvb,gamma,4,-0.73102192770802
6,sd,mfvb,gamma,4,0.100866906722973
6,sd,lrvb,gamma,4,0.122081245955399
6,mean,truth,gamma,5,-0.690671550911249
6,mean,mfvb,gamma,5,-0.603474802522437
6,sd,mfvb,gamma,5,0.111309768787231
6,sd,lrvb,gamma,5,0.130013456444719
6,mean,mcmc,beta,1,2.83108367059517
6,sd,mcmc,beta,1,0.0599146466144404
6,effsize,mcmc,beta,1,1700
6,mean,mcmc,beta,2,0.587107373176478
6,sd,mcmc,beta,2,0.0604458120750441
6,effsize,mcmc,beta,2,1564.40615554248
6,mean,mcmc,beta,3,2.17063352176575
6,sd,mcmc,beta,3,0.0469582243998431
6,effsize,mcmc,beta,3,1700
6,mean,mcmc,tau,-1,1.03216682203397
6,sd,mcmc,tau,-1,0.0679439912751196
6,effsize,mcmc,tau,-1,1700
6,mean,mcmc,nu,-1,2.56147787543292
6,sd,mcmc,nu,-1,1.36035666451756
6,effsize,mcmc,nu,-1,1700
6,mean,mcmc,gamma,1,-0.634198403241149
6,sd,mcmc,gamma,1,0.13839791141192
6,effsize,mcmc,gamma,1,1700
6,mean,mcmc,gamma,2,0.57892428759087
6,sd,mcmc,gamma,2,0.122594777669165
6,effsize,mcmc,gamma,2,1700
6,mean,mcmc,gamma,3,0.555173659598859
6,sd,mcmc,gamma,3,0.127856967281326
6,effsize,mcmc,gamma,3,1700
6,mean,mcmc,gamma,4,-0.599181024662939
6,sd,mcmc,gamma,4,0.123590653688872
6,effsize,mcmc,gamma,4,1700
6,mean,mcmc,gamma,5,-0.494761655821454
6,sd,mcmc,gamma,5,0.134628587603506
6,effsize,mcmc,gamma,5,1700
7,mean,truth,tau,-1,0.265690229318846
7,mean,mfvb,tau,-1,0.27087968632829
7,sd,mfvb,tau,-1,0.0170638163153295
7,sd,lrvb,tau,-1,0.0171944425154664
7,mean,truth,nu,-1,0.789900505928402
7,mean,mfvb,nu,-1,1.60557726204522
7,sd,mfvb,nu,-1,0.756876379807406
7,sd,lrvb,nu,-1,0.771031189863588
7,mean,truth,beta,1,0.10797687504662
7,mean,mfvb,beta,1,-0.226020722931931
7,sd,mfvb,beta,1,0.0913830466266515
7,sd,lrvb,beta,1,0.114579156361163
7,mean,truth,beta,2,2.40248733247923
7,mean,mfvb,beta,2,2.38246979354942
7,sd,mfvb,beta,2,0.086743430135734
7,sd,lrvb,beta,2,0.116302831094495
7,mean,truth,beta,3,1.71375515978356
7,mean,mfvb,beta,3,1.68258007452853
7,sd,mfvb,beta,3,0.0904765633867583
7,sd,lrvb,beta,3,0.090773595246629
7,mean,truth,gamma,1,-0.903941297468125
7,mean,mfvb,gamma,1,-0.483089676009842
7,sd,mfvb,gamma,1,0.225580286819239
7,sd,lrvb,gamma,1,0.256712100699661
7,mean,truth,gamma,2,0.212491959849385
7,mean,mfvb,gamma,2,0.527176300351253
7,sd,mfvb,gamma,2,0.203184407193843
7,sd,lrvb,gamma,2,0.227486505811059
7,mean,truth,gamma,3,0.124590614250845
7,mean,mfvb,gamma,3,0.413429073135354
7,sd,mfvb,gamma,3,0.209609948658832
7,sd,lrvb,gamma,3,0.23592516931509
7,mean,truth,gamma,4,-1.14683300375069
7,mean,mfvb,gamma,4,-0.807008562147886
7,sd,mfvb,gamma,4,0.193092528836129
7,sd,lrvb,gamma,4,0.229882885987791
7,mean,truth,gamma,5,-0.0727340748569517
7,mean,mfvb,gamma,5,0.231583310006218
7,sd,mfvb,gamma,5,0.212041010277196
7,sd,lrvb,gamma,5,0.242697386492523
7,mean,mcmc,beta,1,-0.281843213231735
7,sd,mcmc,beta,1,0.10743641031144
7,effsize,mcmc,beta,1,1700
7,mean,mcmc,beta,2,2.11257981126931
7,sd,mcmc,beta,2,0.108582561662897
7,effsize,mcmc,beta,2,1700
7,mean,mcmc,beta,3,1.54293474566505
7,sd,mcmc,beta,3,0.0893876424446105
7,effsize,mcmc,beta,3,2202.73952888803
7,mean,mcmc,tau,-1,0.266105619190509
7,sd,mcmc,tau,-1,0.0172017798594263
7,effsize,mcmc,tau,-1,1700
7,mean,mcmc,nu,-1,2.83253308802893
7,sd,mcmc,nu,-1,1.63837607173244
7,effsize,mcmc,nu,-1,1700
7,mean,mcmc,gamma,1,-0.242161856989714
7,sd,mcmc,gamma,1,0.246602682797889
7,effsize,mcmc,gamma,1,1700
7,mean,mcmc,gamma,2,0.686405212450613
7,sd,mcmc,gamma,2,0.230509707645822
7,effsize,mcmc,gamma,2,1700
7,mean,mcmc,gamma,3,0.574174640839206
7,sd,mcmc,gamma,3,0.225895491939871
7,effsize,mcmc,gamma,3,1700
7,mean,mcmc,gamma,4,-0.551186038810577
7,sd,mcmc,gamma,4,0.218592318718113
7,effsize,mcmc,gamma,4,1700
7,mean,mcmc,gamma,5,0.419124280669906
7,sd,mcmc,gamma,5,0.236684875564043
7,effsize,mcmc,gamma,5,1517.19589568847
8,mean,truth,tau,-1,0.33710438820986
8,mean,mfvb,tau,-1,0.331961769793682
8,sd,mfvb,tau,-1,0.0209116258965466
8,sd,lrvb,tau,-1,0.0210716396305309
8,mean,truth,nu,-1,3.0035295698455
8,mean,mfvb,nu,-1,1.76531811331207
8,sd,mfvb,nu,-1,0.832178939249604
8,sd,lrvb,nu,-1,0.845581374679194
8,mean,truth,beta,1,1.13684603927592
8,mean,mfvb,beta,1,1.12451910658252
8,sd,mfvb,beta,1,0.082555009730372
8,sd,lrvb,beta,1,0.104035131202077
8,mean,truth,beta,2,2.77344289030825
8,mean,mfvb,beta,2,2.57392143431143
8,sd,mfvb,beta,2,0.0783630130110154
8,sd,lrvb,beta,2,0.105758393686711
8,mean,truth,beta,3,0.472727814845071
8,mean,mfvb,beta,3,0.406920952412545
8,sd,mfvb,beta,3,0.0817359326282671
8,sd,lrvb,beta,3,0.0820032748921482
8,mean,truth,gamma,1,0.137510825080964
8,mean,mfvb,gamma,1,0.37771217277252
8,sd,mfvb,gamma,1,0.204633705783215
8,sd,lrvb,gamma,1,0.233610285357102
8,mean,truth,gamma,2,0.0602705479200031
8,mean,mfvb,gamma,2,0.165899615269279
8,sd,mfvb,gamma,2,0.184170275492881
8,sd,lrvb,gamma,2,0.206530620970866
8,mean,truth,gamma,3,-0.109019068830168
8,mean,mfvb,gamma,3,0.466815938580336
8,sd,mfvb,gamma,3,0.19003640607664
8,sd,lrvb,gamma,3,0.215237655172172
8,mean,truth,gamma,4,-0.407202481986942
8,mean,mfvb,gamma,4,-0.531201680253487
8,sd,mfvb,gamma,4,0.174964659971945
8,sd,lrvb,gamma,4,0.207483943342343
8,mean,truth,gamma,5,0.207297047283615
8,mean,mfvb,gamma,5,0.498464591114343
8,sd,mfvb,gamma,5,0.192256839531374
8,sd,lrvb,gamma,5,0.221859571158983
8,mean,mcmc,beta,1,0.944257944642242
8,sd,mcmc,beta,1,0.104499282474333
8,effsize,mcmc,beta,1,1700
8,mean,mcmc,beta,2,2.29164200725419
8,sd,mcmc,beta,2,0.102856404741015
8,effsize,mcmc,beta,2,1958.07196897231
8,mean,mcmc,beta,3,0.372280379673036
8,sd,mcmc,beta,3,0.0800333491674274
8,effsize,mcmc,beta,3,1823.97390337108
8,mean,mcmc,tau,-1,0.326868054473903
8,sd,mcmc,tau,-1,0.0204118342766578
8,effsize,mcmc,tau,-1,2383.66478338756
8,mean,mcmc,nu,-1,2.45497675213425
8,sd,mcmc,nu,-1,1.50367781313523
8,effsize,mcmc,nu,-1,1700
8,mean,mcmc,gamma,1,0.67647292055138
8,sd,mcmc,gamma,1,0.238376626857385
8,effsize,mcmc,gamma,1,1700
8,mean,mcmc,gamma,2,0.40538128794264
8,sd,mcmc,gamma,2,0.21110583447715
8,effsize,mcmc,gamma,2,1700
8,mean,mcmc,gamma,3,0.72494900303615
8,sd,mcmc,gamma,3,0.219537215354801
8,effsize,mcmc,gamma,3,1523.35913310137
8,mean,mcmc,gamma,4,-0.224311703677555
8,sd,mcmc,gamma,4,0.204014305434414
8,effsize,mcmc,gamma,4,1700
8,mean,mcmc,gamma,5,0.770713197379729
8,sd,mcmc,gamma,5,0.225469134855299
8,effsize,mcmc,gamma,5,1823.66630357751
9,mean,truth,tau,-1,0.854031354355519
9,mean,mfvb,tau,-1,0.832827099453756
9,sd,mfvb,tau,-1,0.052463175958807
9,sd,lrvb,tau,-1,0.0528844188233302
9,mean,truth,nu,-1,1.96928819249086
9,mean,mfvb,nu,-1,1.03005875494131
9,sd,mfvb,nu,-1,0.485574353759716
9,sd,lrvb,nu,-1,0.489662817263317
9,mean,truth,beta,1,2.09343874472916
9,mean,mfvb,beta,1,2.09209467635505
9,sd,mfvb,beta,1,0.0521314406888836
9,sd,lrvb,beta,1,0.0672412986875407
9,mean,truth,beta,2,0.0805776736074284
9,mean,mfvb,beta,2,0.0880456173969798
9,sd,mfvb,beta,2,0.0494833058512058
9,sd,lrvb,beta,2,0.0686714805296556
9,mean,truth,beta,3,1.19195042626954
9,mean,mfvb,beta,3,1.17899674121858
9,sd,mfvb,beta,3,0.0516139366611973
9,sd,lrvb,beta,3,0.0517930748424424
9,mean,truth,gamma,1,0.554659101281385
9,mean,mfvb,gamma,1,0.623490121543725
9,sd,mfvb,gamma,1,0.133022685685405
9,sd,lrvb,gamma,1,0.153722937929416
9,mean,truth,gamma,2,-0.483966372944007
9,mean,mfvb,gamma,2,-0.480276337527961
9,sd,mfvb,gamma,2,0.119042166873497
9,sd,lrvb,gamma,2,0.135170212685684
9,mean,truth,gamma,3,-0.84767043252593
9,mean,mfvb,gamma,3,-0.790622862188195
9,sd,mfvb,gamma,3,0.123025749308935
9,sd,lrvb,gamma,3,0.140821433125645
9,mean,truth,gamma,4,-1.34839000063613
9,mean,mfvb,gamma,4,-1.35537849974095
9,sd,mfvb,gamma,4,0.112827403493279
9,sd,lrvb,gamma,4,0.136664729731526
9,mean,truth,gamma,5,0.98124761970414
9,mean,mfvb,gamma,5,1.25721267547434
9,sd,mfvb,gamma,5,0.124538528264617
9,sd,lrvb,gamma,5,0.145428462706967
9,mean,mcmc,beta,1,2.00007754395367
9,sd,mcmc,beta,1,0.065361586994312
9,effsize,mcmc,beta,1,1585.83286587886
9,mean,mcmc,beta,2,0.0488070064353504
9,sd,mcmc,beta,2,0.0635259468533791
9,effsize,mcmc,beta,2,1700
9,mean,mcmc,beta,3,1.14840865935777
9,sd,mcmc,beta,3,0.0515193126110716
9,effsize,mcmc,beta,3,1700
9,mean,mcmc,tau,-1,0.830598471140163
9,sd,mcmc,tau,-1,0.0524220990343893
9,effsize,mcmc,tau,-1,1700
9,mean,mcmc,nu,-1,1.2748338791581
9,sd,mcmc,nu,-1,0.727620873765048
9,effsize,mcmc,nu,-1,1700
9,mean,mcmc,gamma,1,0.707231460285093
9,sd,mcmc,gamma,1,0.151358674238084
9,effsize,mcmc,gamma,1,1700
9,mean,mcmc,gamma,2,-0.407752812717226
9,sd,mcmc,gamma,2,0.134193529176135
9,effsize,mcmc,gamma,2,1516.0590433662
9,mean,mcmc,gamma,3,-0.712750760277347
9,sd,mcmc,gamma,3,0.139337076342131
9,effsize,mcmc,gamma,3,1700
9,mean,mcmc,gamma,4,-1.25855461870023
9,sd,mcmc,gamma,4,0.128050652744709
9,effsize,mcmc,gamma,4,1520.18218158059
9,mean,mcmc,gamma,5,1.32933548874603
9,sd,mcmc,gamma,5,0.138877400014269
9,effsize,mcmc,gamma,5,1880.10652986832
10,mean,truth,tau,-1,0.531907074016217
10,mean,mfvb,tau,-1,0.491641348347743
10,sd,mfvb,tau,-1,0.0309704938563001
10,sd,lrvb,tau,-1,0.0312155964302937
10,mean,truth,nu,-1,3.60358068490605
10,mean,mfvb,nu,-1,1.42201044176936
10,sd,mfvb,nu,-1,0.67034215086213
10,sd,lrvb,nu,-1,0.679198926967099
10,mean,truth,beta,1,2.5371716705038
10,mean,mfvb,beta,1,2.4667778149274
10,sd,mfvb,beta,1,0.0678440392308887
10,sd,lrvb,beta,1,0.0865559957822613
10,mean,truth,beta,2,2.77205801034452
10,mean,mfvb,beta,2,2.79899394340851
10,sd,mfvb,beta,2,0.064398341742125
10,sd,lrvb,beta,2,0.0882030565997541
10,mean,truth,beta,3,0.423827164717663
10,mean,mfvb,beta,3,0.32988995236512
10,sd,mfvb,beta,3,0.0671707236239409
10,sd,lrvb,beta,3,0.0673970152344466
10,mean,truth,gamma,1,-1.12641360942323
10,mean,mfvb,gamma,1,-0.718856838426184
10,sd,mfvb,gamma,1,0.171058491075101
10,sd,lrvb,gamma,1,0.19684482151263
10,mean,truth,gamma,2,0.735108446264069
10,mean,mfvb,gamma,2,0.86568187108491
10,sd,mfvb,gamma,2,0.153444792850111
10,sd,lrvb,gamma,2,0.17355912957688
10,mean,truth,gamma,3,0.57230599456702
10,mean,mfvb,gamma,3,0.730037182277513
10,sd,mfvb,gamma,3,0.158476312496673
10,sd,lrvb,gamma,3,0.180343304224328
10,mean,truth,gamma,4,-0.379025458331513
10,mean,mfvb,gamma,4,-0.468312096953093
10,sd,mfvb,gamma,4,0.145575908760649
10,sd,lrvb,gamma,4,0.174615409854453
10,mean,truth,gamma,5,-0.443997111628516
10,mean,mfvb,gamma,5,-0.431045375124785
10,sd,mfvb,gamma,5,0.160384449977889
10,sd,lrvb,gamma,5,0.185884592209885
10,mean,mcmc,beta,1,2.2273419190803
10,sd,mcmc,beta,1,0.0857956234728618
10,effsize,mcmc,beta,1,1600.39362308972
10,mean,mcmc,beta,2,2.53852135537602
10,sd,mcmc,beta,2,0.0880875864846751
10,effsize,mcmc,beta,2,1700
10,mean,mcmc,beta,3,0.311618444360512
10,sd,mcmc,beta,3,0.065889310572505
10,effsize,mcmc,beta,3,1827.78488734223
10,mean,mcmc,tau,-1,0.480379621838206
10,sd,mcmc,tau,-1,0.0308204293362717
10,effsize,mcmc,tau,-1,1700
10,mean,mcmc,nu,-1,2.02131998466201
10,sd,mcmc,nu,-1,1.20599360487406
10,effsize,mcmc,nu,-1,1700
10,mean,mcmc,gamma,1,-0.384945663072191
10,sd,mcmc,gamma,1,0.195104675501261
10,effsize,mcmc,gamma,1,1700
10,mean,mcmc,gamma,2,1.12546615321795
10,sd,mcmc,gamma,2,0.174045385318995
10,effsize,mcmc,gamma,2,1700
10,mean,mcmc,gamma,3,1.01038578914757
10,sd,mcmc,gamma,3,0.180861071543579
10,effsize,mcmc,gamma,3,1655.02539317636
10,mean,mcmc,gamma,4,-0.130252727301315
10,sd,mcmc,gamma,4,0.177040507991393
10,effsize,mcmc,gamma,4,1700
10,mean,mcmc,gamma,5,-0.106502281309041
10,sd,mcmc,gamma,5,0.187028803150009
10,effsize,mcmc,gamma,5,1700
11,mean,truth,tau,-1,0.520126893506423
11,mean,mfvb,tau,-1,0.508687049501356
11,sd,mfvb,tau,-1,0.0320442720985665
11,sd,lrvb,tau,-1,0.0323019948022766
11,mean,truth,nu,-1,2.65926662939647
11,mean,mfvb,nu,-1,1.33517166846379
11,sd,mfvb,nu,-1,0.629405960545937
11,sd,lrvb,nu,-1,0.640711719847551
11,mean,truth,beta,1,1.64449549573829
11,mean,mfvb,beta,1,1.67115119316446
11,sd,mfvb,beta,1,0.0666981718904497
11,sd,lrvb,beta,1,0.0854545129590377
11,mean,truth,beta,2,1.44329578755363
11,mean,mfvb,beta,2,1.33155855600024
11,sd,mfvb,beta,2,0.0633106234991854
11,sd,lrvb,beta,2,0.0871318231041052
11,mean,truth,beta,3,1.96672209179219
11,mean,mfvb,beta,3,1.90189119673799
11,sd,mfvb,beta,3,0.0660362150592417
11,sd,lrvb,beta,3,0.0662647680194021
11,mean,truth,gamma,1,-1.12995081805391
11,mean,mfvb,gamma,1,-1.10991994482698
11,sd,mfvb,gamma,1,0.168492727700907
11,sd,lrvb,gamma,1,0.195624106686182
11,mean,truth,gamma,2,-1.04744628262885
11,mean,mfvb,gamma,2,-0.820016715745131
11,sd,mfvb,gamma,2,0.151086200502
11,sd,lrvb,gamma,2,0.171666691076417
11,mean,truth,gamma,3,0.15253857490492
11,mean,mfvb,gamma,3,0.0553087070493767
11,sd,mfvb,gamma,3,0.156056545174722
11,sd,lrvb,gamma,3,0.177544721336025
11,mean,truth,gamma,4,-0.581620459218644
11,mean,mfvb,gamma,4,-0.420491236461549
11,sd,mfvb,gamma,4,0.143316015926968
11,sd,lrvb,gamma,4,0.172505249899207
11,mean,truth,gamma,5,0.432703658402055
11,mean,mfvb,gamma,5,0.731730145152645
11,sd,mfvb,gamma,5,0.157941890681953
11,sd,lrvb,gamma,5,0.18307759792912
11,mean,mcmc,beta,1,1.52255538287127
11,sd,mcmc,beta,1,0.0835121669231446
11,effsize,mcmc,beta,1,1699.99999999999
11,mean,mcmc,beta,2,1.19069465728764
11,sd,mcmc,beta,2,0.0852548854119241
11,effsize,mcmc,beta,2,2065.42074668755
11,mean,mcmc,beta,3,1.81941697875773
11,sd,mcmc,beta,3,0.0668183335949175
11,effsize,mcmc,beta,3,1700
11,mean,mcmc,tau,-1,0.499729949671735
11,sd,mcmc,tau,-1,0.0316204078869818
11,effsize,mcmc,tau,-1,1700
11,mean,mcmc,nu,-1,2.2118569482137
11,sd,mcmc,nu,-1,1.25641191342818
11,effsize,mcmc,nu,-1,1891.77190922226
11,mean,mcmc,gamma,1,-0.889372477550959
11,sd,mcmc,gamma,1,0.19281477657252
11,effsize,mcmc,gamma,1,1700
11,mean,mcmc,gamma,2,-0.64690336852518
11,sd,mcmc,gamma,2,0.167798154252669
11,effsize,mcmc,gamma,2,1700
11,mean,mcmc,gamma,3,0.226995733602818
11,sd,mcmc,gamma,3,0.170920830860118
11,effsize,mcmc,gamma,3,1700
11,mean,mcmc,gamma,4,-0.222882310275755
11,sd,mcmc,gamma,4,0.170859695289963
11,effsize,mcmc,gamma,4,1700
11,mean,mcmc,gamma,5,0.885102432140818
11,sd,mcmc,gamma,5,0.183699428180511
11,effsize,mcmc,gamma,5,1832.26389284606
12,mean,truth,tau,-1,0.361036779959718
12,mean,mfvb,tau,-1,0.34053440967729
12,sd,mfvb,tau,-1,0.0214516514491976
12,sd,lrvb,tau,-1,0.0216208464888963
12,mean,truth,nu,-1,2.48171173542094
12,mean,mfvb,nu,-1,1.59841729984272
12,sd,mfvb,nu,-1,0.753501141256453
12,sd,lrvb,nu,-1,0.769802368700296
12,mean,truth,beta,1,2.69274209803441
12,mean,mfvb,beta,1,2.81423779363102
12,sd,mfvb,beta,1,0.0815099676389445
12,sd,lrvb,beta,1,0.103244072335825
12,mean,truth,beta,2,2.46148303901029
12,mean,mfvb,beta,2,2.63034630088247
12,sd,mfvb,beta,2,0.0773709713399514
12,sd,lrvb,beta,2,0.105032381787158
12,mean,truth,beta,3,2.25540145595294
12,mean,mfvb,beta,3,2.26369689434881
12,sd,mfvb,beta,3,0.0807012408869766
12,sd,lrvb,beta,3,0.0809665326631474
12,mean,truth,gamma,1,0.373387113045787
12,mean,mfvb,gamma,1,-0.0733028439734535
12,sd,mfvb,gamma,1,0.202923549334371
12,sd,lrvb,gamma,1,0.231539169699538
12,mean,truth,gamma,2,0.00726102892036728
12,mean,mfvb,gamma,2,0.184172724391361
12,sd,mfvb,gamma,2,0.18247951394356
12,sd,lrvb,gamma,2,0.204713163370806
12,mean,truth,gamma,3,-0.582478943674445
12,mean,mfvb,gamma,3,-1.16914838535909
12,sd,mfvb,gamma,3,0.188334916994559
12,sd,lrvb,gamma,3,0.2168400988984
12,mean,truth,gamma,4,-0.0381242449454154
12,mean,mfvb,gamma,4,-0.100587545181587
12,sd,mfvb,gamma,4,0.173298661446229
12,sd,lrvb,gamma,4,0.20648078222623
12,mean,truth,gamma,5,0.331206925482838
12,mean,mfvb,gamma,5,-0.194837327922544
12,sd,mfvb,gamma,5,0.190552349439037
12,sd,lrvb,gamma,5,0.219692739524356
12,mean,mcmc,beta,1,2.46366938526484
12,sd,mcmc,beta,1,0.0996620435827083
12,effsize,mcmc,beta,1,1700
12,mean,mcmc,beta,2,2.28203314898496
12,sd,mcmc,beta,2,0.0993865510672425
12,effsize,mcmc,beta,2,1700
12,mean,mcmc,beta,3,2.11645764895448
12,sd,mcmc,beta,3,0.0805687173965497
12,effsize,mcmc,beta,3,1700
12,mean,mcmc,tau,-1,0.326525812219742
12,sd,mcmc,tau,-1,0.0204800401055427
12,effsize,mcmc,tau,-1,1700
12,mean,mcmc,nu,-1,3.075022716892
12,sd,mcmc,nu,-1,1.7529192938441
12,effsize,mcmc,nu,-1,1700
12,mean,mcmc,gamma,1,0.362366025408914
12,sd,mcmc,gamma,1,0.238485655146709
12,effsize,mcmc,gamma,1,1700
12,mean,mcmc,gamma,2,0.546211675459776
12,sd,mcmc,gamma,2,0.204083567769807
12,effsize,mcmc,gamma,2,1700
12,mean,mcmc,gamma,3,-0.728110640142776
12,sd,mcmc,gamma,3,0.204716729445161
12,effsize,mcmc,gamma,3,1574.76956718402
12,mean,mcmc,gamma,4,0.349901695427924
12,sd,mcmc,gamma,4,0.201724440830666
12,effsize,mcmc,gamma,4,1700
12,mean,mcmc,gamma,5,0.205972010892997
12,sd,mcmc,gamma,5,0.210662784127012
12,effsize,mcmc,gamma,5,1872.81678597263
13,mean,truth,tau,-1,0.816666223003421
13,mean,mfvb,tau,-1,0.783511956572264
13,sd,mfvb,tau,-1,0.0493566139603774
13,sd,lrvb,tau,-1,0.049751390123879
13,mean,truth,nu,-1,3.54303014411255
13,mean,mfvb,nu,-1,1.467962976162
13,sd,mfvb,nu,-1,0.692004383316627
13,sd,lrvb,nu,-1,0.700163249988879
13,mean,truth,beta,1,1.24609764250859
13,mean,mfvb,beta,1,1.31111235060503
13,sd,mfvb,beta,1,0.0537465503875897
13,sd,lrvb,beta,1,0.0691908962234945
13,mean,truth,beta,2,0.709574585975576
13,mean,mfvb,beta,2,0.655146413068129
13,sd,mfvb,beta,2,0.051016415105794
13,sd,lrvb,beta,2,0.0706344565672633
13,mean,truth,beta,3,0.440990918464629
13,mean,mfvb,beta,3,0.411590650628683
13,sd,mfvb,beta,3,0.0532130252398426
13,sd,lrvb,beta,3,0.0533948593878306
13,mean,truth,gamma,1,-0.325914335161672
13,mean,mfvb,gamma,1,-0.330610079588644
13,sd,mfvb,gamma,1,0.136506140234537
13,sd,lrvb,gamma,1,0.1572776232773
13,mean,truth,gamma,2,0.888571515488113
13,mean,mfvb,gamma,2,1.09847509949347
13,sd,mfvb,gamma,2,0.122272754873032
13,sd,lrvb,gamma,2,0.139515284129424
13,mean,truth,gamma,3,0.936021034090652
13,mean,mfvb,gamma,3,0.821259608381341
13,sd,mfvb,gamma,3,0.126332388473213
13,sd,lrvb,gamma,3,0.14486577285537
13,mean,truth,gamma,4,0.257528162273417
13,mean,mfvb,gamma,4,0.232339241200003
13,sd,mfvb,gamma,4,0.115933308309494
13,sd,lrvb,gamma,4,0.139881654110727
13,mean,truth,gamma,5,0.266869546430257
13,mean,mfvb,gamma,5,0.0849050060143707
13,sd,mfvb,gamma,5,0.127873231103124
13,sd,lrvb,gamma,5,0.148875628576875
13,mean,mcmc,beta,1,1.24543204684891
13,sd,mcmc,beta,1,0.067649296423376
13,effsize,mcmc,beta,1,1700
13,mean,mcmc,beta,2,0.60684910679219
13,sd,mcmc,beta,2,0.0689261925876057
13,effsize,mcmc,beta,2,1503.76405268902
13,mean,mcmc,beta,3,0.397036059829033
13,sd,mcmc,beta,3,0.0531014325026796
13,effsize,mcmc,beta,3,1927.78892441591
13,mean,mcmc,tau,-1,0.783140735887053
13,sd,mcmc,tau,-1,0.0498406139159196
13,effsize,mcmc,tau,-1,1700
13,mean,mcmc,nu,-1,2.09060218957333
13,sd,mcmc,nu,-1,1.13752686893378
13,effsize,mcmc,nu,-1,1700
13,mean,mcmc,gamma,1,-0.253789500247419
13,sd,mcmc,gamma,1,0.155437854221321
13,effsize,mcmc,gamma,1,1700
13,mean,mcmc,gamma,2,1.15267978673378
13,sd,mcmc,gamma,2,0.142446544005254
13,effsize,mcmc,gamma,2,1700
13,mean,mcmc,gamma,3,0.877842236667473
13,sd,mcmc,gamma,3,0.149685799768266
13,effsize,mcmc,gamma,3,1700
13,mean,mcmc,gamma,4,0.302592591365149
13,sd,mcmc,gamma,4,0.134893144965197
13,effsize,mcmc,gamma,4,1700
13,mean,mcmc,gamma,5,0.153870868563764
13,sd,mcmc,gamma,5,0.144880690984749
13,effsize,mcmc,gamma,5,1875.34431678044
14,mean,truth,tau,-1,0.647393438072872
14,mean,mfvb,tau,-1,0.631617052001416
14,sd,mfvb,tau,-1,0.0397881343672262
14,sd,lrvb,tau,-1,0.0401088656366689
14,mean,truth,nu,-1,0.978564010459446
14,mean,mfvb,nu,-1,0.939867886067406
14,sd,mfvb,nu,-1,0.443057970438485
14,sd,lrvb,nu,-1,0.448541977857565
14,mean,truth,beta,1,0.321218571080897
14,mean,mfvb,beta,1,0.259103335153932
14,sd,mfvb,beta,1,0.0598592525670264
14,sd,lrvb,beta,1,0.0771172938863359
14,mean,truth,beta,2,1.33670183265234
14,mean,mfvb,beta,2,1.37633442629681
14,sd,mfvb,beta,2,0.0568188067721571
14,sd,lrvb,beta,2,0.0787609690690162
14,mean,truth,beta,3,1.6070347829922
14,mean,mfvb,beta,3,1.60864878733791
14,sd,mfvb,beta,3,0.0592651024785828
14,sd,lrvb,beta,3,0.0594688069141876
14,mean,truth,gamma,1,0.245398413229891
14,mean,mfvb,gamma,1,0.211770012447042
14,sd,mfvb,gamma,1,0.152466277888723
14,sd,lrvb,gamma,1,0.176068894418517
14,mean,truth,gamma,2,0.458534408874323
14,mean,mfvb,gamma,2,0.511040724063441
14,sd,mfvb,gamma,2,0.136492401756079
14,sd,lrvb,gamma,2,0.154948893633203
14,mean,truth,gamma,3,-1.42983728217755
14,mean,mfvb,gamma,3,-1.52194191464681
14,sd,mfvb,gamma,3,0.141045747314954
14,sd,lrvb,gamma,3,0.161344105401676
14,mean,truth,gamma,4,0.541559637679085
14,mean,mfvb,gamma,4,0.459648500443149
14,sd,mfvb,gamma,4,0.12938607208467
14,sd,lrvb,gamma,4,0.156275601188952
14,mean,truth,gamma,5,2.01791689023001
14,mean,mfvb,gamma,5,1.62583070211405
14,sd,mfvb,gamma,5,0.142774532439784
14,sd,lrvb,gamma,5,0.167413904127515
14,mean,mcmc,beta,1,0.217100384467532
14,sd,mcmc,beta,1,0.0727872657534681
14,effsize,mcmc,beta,1,1700
14,mean,mcmc,beta,2,1.28987890225321
14,sd,mcmc,beta,2,0.0775479401332389
14,effsize,mcmc,beta,2,1890.44380777928
14,mean,mcmc,beta,3,1.55188077327349
14,sd,mcmc,beta,3,0.0589150283673433
14,effsize,mcmc,beta,3,1826.74874819305
14,mean,mcmc,tau,-1,0.629108471180714
14,sd,mcmc,tau,-1,0.0398664330132572
14,effsize,mcmc,tau,-1,1751.79225666805
14,mean,mcmc,nu,-1,1.07438475979562
14,sd,mcmc,nu,-1,0.593031787824642
14,effsize,mcmc,nu,-1,1700
14,mean,mcmc,gamma,1,0.310262595111865
14,sd,mcmc,gamma,1,0.178495340415728
14,effsize,mcmc,gamma,1,1700
14,mean,mcmc,gamma,2,0.581536375781423
14,sd,mcmc,gamma,2,0.155987626489509
14,effsize,mcmc,gamma,2,1700
14,mean,mcmc,gamma,3,-1.44265999646963
14,sd,mcmc,gamma,3,0.159089054973585
14,effsize,mcmc,gamma,3,1925.9505049158
14,mean,mcmc,gamma,4,0.552219426166044
14,sd,mcmc,gamma,4,0.156742922074488
14,effsize,mcmc,gamma,4,1700
14,mean,mcmc,gamma,5,1.70190403591854
14,sd,mcmc,gamma,5,0.168566453965951
14,effsize,mcmc,gamma,5,2104.62958575547
15,mean,truth,tau,-1,0.329280784783576
15,mean,mfvb,tau,-1,0.304120279521153
15,sd,mfvb,tau,-1,0.0191577768634386
15,sd,lrvb,tau,-1,0.0193050410525722
15,mean,truth,nu,-1,3.16836182385596
15,mean,mfvb,nu,-1,1.74283373777516
15,sd,mfvb,nu,-1,0.821579702974342
15,sd,lrvb,nu,-1,0.836662127540686
15,mean,truth,beta,1,1.14057731635059
15,mean,mfvb,beta,1,1.07138934060197
15,sd,mfvb,beta,1,0.0862484163607181
15,sd,lrvb,beta,1,0.108472273654173
15,mean,truth,beta,2,2.09187367843167
15,mean,mfvb,beta,2,2.04847033918667
15,sd,mfvb,beta,2,0.0818691249631746
15,sd,lrvb,beta,2,0.110218733088483
15,mean,truth,beta,3,0.572606646565518
15,mean,mfvb,beta,3,0.640270138413664
15,sd,mfvb,beta,3,0.0853927645465067
15,sd,lrvb,beta,3,0.085670146530135
15,mean,truth,gamma,1,-0.434274976327436
15,mean,mfvb,gamma,1,-0.493569132694768
15,sd,mfvb,gamma,1,0.21318455524973
15,sd,lrvb,gamma,1,0.243596012366931
15,mean,truth,gamma,2,-0.142632163321204
15,mean,mfvb,gamma,2,-0.00075868983128689
15,sd,mfvb,gamma,2,0.19197014226547
15,sd,lrvb,gamma,2,0.214789554633129
15,mean,truth,gamma,3,-0.362609253105514
15,mean,mfvb,gamma,3,-0.552733571304896
15,sd,mfvb,gamma,3,0.198055056630821
15,sd,lrvb,gamma,3,0.224455464062394
15,mean,truth,gamma,4,0.323412116813694
15,mean,mfvb,gamma,4,0.488565278658228
15,sd,mfvb,gamma,4,0.182415799819704
15,sd,lrvb,gamma,4,0.215932739022389
15,mean,truth,gamma,5,-0.807376737555205
15,mean,mfvb,gamma,5,-0.425720091780389
15,sd,mfvb,gamma,5,0.200357584146451
15,sd,lrvb,gamma,5,0.230709659557238
15,mean,mcmc,beta,1,0.897378770459788
15,sd,mcmc,beta,1,0.101091357324461
15,effsize,mcmc,beta,1,1700
15,mean,mcmc,beta,2,1.79885811907492
15,sd,mcmc,beta,2,0.102083906871863
15,effsize,mcmc,beta,2,1700
15,mean,mcmc,beta,3,0.59377827698791
15,sd,mcmc,beta,3,0.0831305029248339
15,effsize,mcmc,beta,3,1700
15,mean,mcmc,tau,-1,0.299501825035188
15,sd,mcmc,tau,-1,0.0195980667133864
15,effsize,mcmc,tau,-1,1606.60367357384
15,mean,mcmc,nu,-1,3.63715442833701
15,sd,mcmc,nu,-1,2.16885808143452
15,effsize,mcmc,nu,-1,1700
15,mean,mcmc,gamma,1,-0.186697182103983
15,sd,mcmc,gamma,1,0.22486394918731
15,effsize,mcmc,gamma,1,2267.8202758056
15,mean,mcmc,gamma,2,0.219690707253564
15,sd,mcmc,gamma,2,0.209676246299029
15,effsize,mcmc,gamma,2,1700
15,mean,mcmc,gamma,3,-0.283139390908659
15,sd,mcmc,gamma,3,0.207848375215684
15,effsize,mcmc,gamma,3,1700
15,mean,mcmc,gamma,4,0.717719528453855
15,sd,mcmc,gamma,4,0.20608117441148
15,effsize,mcmc,gamma,4,1700
15,mean,mcmc,gamma,5,-0.160298926332817
15,sd,mcmc,gamma,5,0.212210602288771
15,effsize,mcmc,gamma,5,1700
16,mean,truth,tau,-1,0.435919177402309
16,mean,mfvb,tau,-1,0.4855495372725
16,sd,mfvb,tau,-1,0.0305867458291791
16,sd,lrvb,tau,-1,0.0308337946575034
16,mean,truth,nu,-1,1.57086399060786
16,mean,mfvb,nu,-1,1.33027317399223
16,sd,mfvb,nu,-1,0.627096788106973
16,sd,lrvb,nu,-1,0.642123620503764
16,mean,truth,beta,1,2.38738938139361
16,mean,mfvb,beta,1,2.56345249987067
16,sd,mfvb,beta,1,0.0682681071678728
16,sd,lrvb,beta,1,0.0877910644211478
16,mean,truth,beta,2,1.94794337122224
16,mean,mfvb,beta,2,1.92709778173148
16,sd,mfvb,beta,2,0.064800890217156
16,sd,lrvb,beta,2,0.0895526946434458
16,mean,truth,beta,3,2.63400488456958
16,mean,mfvb,beta,3,2.78341617251916
16,sd,mfvb,beta,3,0.0675905880273155
16,sd,lrvb,beta,3,0.0678230003496047
16,mean,truth,gamma,1,0.415799572534564
16,mean,mfvb,gamma,1,0.429389878751279
16,sd,mfvb,gamma,1,0.17231752266221
16,sd,lrvb,gamma,1,0.199062884873058
16,mean,truth,gamma,2,0.902154137500555
16,mean,mfvb,gamma,2,0.746937119460243
16,sd,mfvb,gamma,2,0.154540968344105
16,sd,lrvb,gamma,2,0.17600219801245
16,mean,truth,gamma,3,0.841711005356752
16,mean,mfvb,gamma,3,0.840387738272788
16,sd,mfvb,gamma,3,0.159617849204264
16,sd,lrvb,gamma,3,0.183334723155645
16,mean,truth,gamma,4,1.02409578525445
16,mean,mfvb,gamma,4,0.996359423020037
16,sd,mfvb,gamma,4,0.146602904298584
16,sd,lrvb,gamma,4,0.178030906367407
16,mean,truth,gamma,5,-0.453365554663724
16,mean,mfvb,gamma,5,-0.444534057389376
16,sd,mfvb,gamma,5,0.161543426581663
16,sd,lrvb,gamma,5,0.187228926575138
16,mean,mcmc,beta,1,2.32741774470256
16,sd,mcmc,beta,1,0.0865710323760672
16,effsize,mcmc,beta,1,1700
16,mean,mcmc,beta,2,1.71153624440625
16,sd,mcmc,beta,2,0.0873520658380415
16,effsize,mcmc,beta,2,1700
16,mean,mcmc,beta,3,2.65521303870367
16,sd,mcmc,beta,3,0.0678112377066025
16,effsize,mcmc,beta,3,1700
16,mean,mcmc,tau,-1,0.474372046745294
16,sd,mcmc,tau,-1,0.0310280216353803
16,effsize,mcmc,tau,-1,1846.90461968159
16,mean,mcmc,nu,-1,1.3001532261274
16,sd,mcmc,nu,-1,0.750842160937289
16,effsize,mcmc,nu,-1,1700
16,mean,mcmc,gamma,1,0.732860262138551
16,sd,mcmc,gamma,1,0.193978149619115
16,effsize,mcmc,gamma,1,1700
16,mean,mcmc,gamma,2,1.00146018500109
16,sd,mcmc,gamma,2,0.17750214450769
16,effsize,mcmc,gamma,2,1700
16,mean,mcmc,gamma,3,1.10023024762164
16,sd,mcmc,gamma,3,0.18045303617121
16,effsize,mcmc,gamma,3,1992.91280937813
16,mean,mcmc,gamma,4,1.31382721056343
16,sd,mcmc,gamma,4,0.182313766462551
16,effsize,mcmc,gamma,4,1826.97662886235
16,mean,mcmc,gamma,5,-0.174998928760181
16,sd,mcmc,gamma,5,0.196319809496562
16,effsize,mcmc,gamma,5,1700
17,mean,truth,tau,-1,0.568252834950107
17,mean,mfvb,tau,-1,0.549477418349825
17,sd,mfvb,tau,-1,0.0346138238095104
17,sd,lrvb,tau,-1,0.0348787047615379
17,mean,truth,nu,-1,3.54412545031076
17,mean,mfvb,nu,-1,2.02481589749307
17,sd,mfvb,nu,-1,0.954507367847786
17,sd,lrvb,nu,-1,0.958336460040745
17,mean,truth,beta,1,0.576921849223216
17,mean,mfvb,beta,1,0.587987629519926
17,sd,mfvb,beta,1,0.0641758413795104
17,sd,lrvb,beta,1,0.0814887707768762
17,mean,truth,beta,2,0.655993233485777
17,mean,mfvb,beta,2,0.615057004158745
17,sd,mfvb,beta,2,0.0609163017294848
17,sd,lrvb,beta,2,0.0829477069650564
17,mean,truth,beta,3,1.67077853295594
17,mean,mfvb,beta,3,1.64984511286547
17,sd,mfvb,beta,3,0.0635388903398267
17,sd,lrvb,beta,3,0.0637518728767666
17,mean,truth,gamma,1,-0.153065486984394
17,mean,mfvb,gamma,1,-0.104025712390984
17,sd,mfvb,gamma,1,0.160891060674954
17,sd,lrvb,gamma,1,0.183997948325581
17,mean,truth,gamma,2,-0.333542321192175
17,mean,mfvb,gamma,2,-0.309265979398473
17,sd,mfvb,gamma,2,0.144483468669523
17,sd,lrvb,gamma,2,0.162730476818205
17,mean,truth,gamma,3,0.136675060853983
17,mean,mfvb,gamma,3,0.0698043020847979
17,sd,mfvb,gamma,3,0.149175947859139
17,sd,lrvb,gamma,3,0.16895508139721
17,mean,truth,gamma,4,-0.287920339835643
17,mean,mfvb,gamma,4,-0.266170647476216
17,sd,mfvb,gamma,4,0.137136447912622
17,sd,lrvb,gamma,4,0.163845970895846
17,mean,truth,gamma,5,0.187844071657333
17,mean,mfvb,gamma,5,0.389940761210591
17,sd,mfvb,gamma,5,0.150954383440265
17,sd,lrvb,gamma,5,0.174345313119192
17,mean,mcmc,beta,1,0.540885884681071
17,sd,mcmc,beta,1,0.0750051937686545
17,effsize,mcmc,beta,1,1700
17,mean,mcmc,beta,2,0.565933368544073
17,sd,mcmc,beta,2,0.0771348063755726
17,effsize,mcmc,beta,2,1700
17,mean,mcmc,beta,3,1.58468142544781
17,sd,mcmc,beta,3,0.0642070293626057
17,effsize,mcmc,beta,3,1700
17,mean,mcmc,tau,-1,0.546759905740604
17,sd,mcmc,tau,-1,0.0349368280017701
17,effsize,mcmc,tau,-1,1700
17,mean,mcmc,nu,-1,5.2080944777203
17,sd,mcmc,nu,-1,2.86583414018654
17,effsize,mcmc,nu,-1,1700
17,mean,mcmc,gamma,1,-0.0361711961945335
17,sd,mcmc,gamma,1,0.165940021960939
17,effsize,mcmc,gamma,1,1610.24576114902
17,mean,mcmc,gamma,2,-0.238486938188826
17,sd,mcmc,gamma,2,0.154620859814539
17,effsize,mcmc,gamma,2,1845.0550297169
17,mean,mcmc,gamma,3,0.117960864928639
17,sd,mcmc,gamma,3,0.162445310276293
17,effsize,mcmc,gamma,3,1700
17,mean,mcmc,gamma,4,-0.187743108244497
17,sd,mcmc,gamma,4,0.15335384438015
17,effsize,mcmc,gamma,4,1798.92144717588
17,mean,mcmc,gamma,5,0.419861324341763
17,sd,mcmc,gamma,5,0.167055147212944
17,effsize,mcmc,gamma,5,1700
18,mean,truth,tau,-1,0.532726678337433
18,mean,mfvb,tau,-1,0.466686317852821
18,sd,mfvb,tau,-1,0.0293984746979764
18,sd,lrvb,tau,-1,0.0296365379534227
18,mean,truth,nu,-1,1.39273630089445
18,mean,mfvb,nu,-1,0.855006501730551
18,sd,mfvb,nu,-1,0.403053930221507
18,sd,lrvb,nu,-1,0.409456124892393
18,mean,truth,beta,1,2.23436372717443
18,mean,mfvb,beta,1,2.26249799889631
18,sd,mfvb,beta,1,0.0696334605525101
18,sd,lrvb,beta,1,0.0895083646622706
18,mean,truth,beta,2,1.16156828059547
18,mean,mfvb,beta,2,1.17378859876428
18,sd,mfvb,beta,2,0.0660969606478779
18,sd,lrvb,beta,2,0.0913407912975372
18,mean,truth,beta,3,2.21445510994228
18,mean,mfvb,beta,3,2.28220926287518
18,sd,mfvb,beta,3,0.0689424081268386
18,sd,lrvb,beta,3,0.0691781842778254
18,mean,truth,gamma,1,1.21431985212163
18,mean,mfvb,gamma,1,1.1194558047172
18,sd,mfvb,gamma,1,0.176926968553815
18,sd,lrvb,gamma,1,0.204067057421186
18,mean,truth,gamma,2,-0.681699997967468
18,mean,mfvb,gamma,2,-0.867309062880999
18,sd,mfvb,gamma,2,0.158469444074921
18,sd,lrvb,gamma,2,0.1799031927651
18,mean,truth,gamma,3,-1.72981913533079
18,mean,mfvb,gamma,3,-1.92353014820308
18,sd,mfvb,gamma,3,0.163733547499897
18,sd,lrvb,gamma,3,0.188468772936313
18,mean,truth,gamma,4,-0.285799564426906
18,mean,mfvb,gamma,4,-0.505178932677225
18,sd,mfvb,gamma,4,0.150249627046389
18,sd,lrvb,gamma,4,0.181182356536476
18,mean,truth,gamma,5,0.485844336084959
18,mean,mfvb,gamma,5,0.657563030277351
18,sd,mfvb,gamma,5,0.165731617735117
18,sd,lrvb,gamma,5,0.192734924206859
18,mean,mcmc,beta,1,2.06043380773675
18,sd,mcmc,beta,1,0.0856480647980429
18,effsize,mcmc,beta,1,1700
18,mean,mcmc,beta,2,1.01412014496671
18,sd,mcmc,beta,2,0.0868097343248954
18,effsize,mcmc,beta,2,1700
18,mean,mcmc,beta,3,2.173350607478
18,sd,mcmc,beta,3,0.0702726913761168
18,effsize,mcmc,beta,3,1700
18,mean,mcmc,tau,-1,0.457495723034638
18,sd,mcmc,tau,-1,0.0290332188945484
18,effsize,mcmc,tau,-1,1700
18,mean,mcmc,nu,-1,0.994262264096897
18,sd,mcmc,nu,-1,0.552657174785349
18,effsize,mcmc,nu,-1,1700
18,mean,mcmc,gamma,1,1.35823433104019
18,sd,mcmc,gamma,1,0.206984663080562
18,effsize,mcmc,gamma,1,1700
18,mean,mcmc,gamma,2,-0.665895842237686
18,sd,mcmc,gamma,2,0.174845827300086
18,effsize,mcmc,gamma,2,1700
18,mean,mcmc,gamma,3,-1.69729523288306
18,sd,mcmc,gamma,3,0.184217170259768
18,effsize,mcmc,gamma,3,1700
18,mean,mcmc,gamma,4,-0.257529762107488
18,sd,mcmc,gamma,4,0.174482103137026
18,effsize,mcmc,gamma,4,1700
18,mean,mcmc,gamma,5,0.866930634221966
18,sd,mcmc,gamma,5,0.191052813061356
18,effsize,mcmc,gamma,5,1700
19,mean,truth,tau,-1,0.562655922101069
19,mean,mfvb,tau,-1,0.603802848265967
19,sd,mfvb,tau,-1,0.0380360042243861
19,sd,lrvb,tau,-1,0.0383333660541314
19,mean,truth,nu,-1,3.71417181155086
19,mean,mfvb,nu,-1,1.76916355760871
19,sd,mfvb,nu,-1,0.833991699075492
19,sd,lrvb,nu,-1,0.840908928555555
19,mean,truth,beta,1,1.10214154524382
19,mean,mfvb,beta,1,1.20339676803743
19,sd,mfvb,beta,1,0.0612219309849873
19,sd,lrvb,beta,1,0.0780987561558648
19,mean,truth,beta,2,0.468314975628895
19,mean,mfvb,beta,2,0.533130918679657
19,sd,mfvb,beta,2,0.058112317279311
19,sd,lrvb,beta,2,0.0795828280476385
19,mean,truth,beta,3,2.64548074493223
19,mean,mfvb,beta,3,2.69849429403524
19,sd,mfvb,beta,3,0.0606142683496813
19,sd,lrvb,beta,3,0.060818402062149
19,mean,truth,gamma,1,-0.651514895303384
19,mean,mfvb,gamma,1,-0.786792502064226
19,sd,mfvb,gamma,1,0.154313399913344
19,sd,lrvb,gamma,1,0.177872403681328
19,mean,truth,gamma,2,0.670364272497674
19,mean,mfvb,gamma,2,0.576090036327396
19,sd,mfvb,gamma,2,0.138431246306448
19,sd,lrvb,gamma,2,0.156329828039973
19,mean,truth,gamma,3,0.0348292288756684
19,mean,mfvb,gamma,3,0.0269989788676032
19,sd,mfvb,gamma,3,0.142968388973243
19,sd,lrvb,gamma,3,0.162365855258258
19,mean,truth,gamma,4,0.292101891761853
19,mean,mfvb,gamma,4,0.111646197951421
19,sd,mfvb,gamma,4,0.131335139707116
19,sd,lrvb,gamma,4,0.157333584561746
19,mean,truth,gamma,5,-0.220967474172268
19,mean,mfvb,gamma,5,-0.146404135477883
19,sd,mfvb,gamma,5,0.144688988314906
19,sd,lrvb,gamma,5,0.167534339504153
19,mean,mcmc,beta,1,1.12359992199125
19,sd,mcmc,beta,1,0.0737856844796735
19,effsize,mcmc,beta,1,1700
19,mean,mcmc,beta,2,0.473872642597846
19,sd,mcmc,beta,2,0.0785184670531903
19,effsize,mcmc,beta,2,1700
19,mean,mcmc,beta,3,2.59879044812362
19,sd,mcmc,beta,3,0.0594979511720597
19,effsize,mcmc,beta,3,1700
19,mean,mcmc,tau,-1,0.59935332932291
19,sd,mcmc,tau,-1,0.0383955251491984
19,effsize,mcmc,tau,-1,1552.25996074351
19,mean,mcmc,nu,-1,3.55979825816813
19,sd,mcmc,nu,-1,1.95012218347023
19,effsize,mcmc,nu,-1,1700
19,mean,mcmc,gamma,1,-0.66614431674714
19,sd,mcmc,gamma,1,0.169711455650937
19,effsize,mcmc,gamma,1,1700
19,mean,mcmc,gamma,2,0.629765901087186
19,sd,mcmc,gamma,2,0.154048346530457
19,effsize,mcmc,gamma,2,1700
19,mean,mcmc,gamma,3,0.10165552190962
19,sd,mcmc,gamma,3,0.15981368901549
19,effsize,mcmc,gamma,3,1700
19,mean,mcmc,gamma,4,0.209298355030443
19,sd,mcmc,gamma,4,0.151580933058681
19,effsize,mcmc,gamma,4,1700
19,mean,mcmc,gamma,5,-0.0683479415577056
19,sd,mcmc,gamma,5,0.161576674228812
19,effsize,mcmc,gamma,5,1700
20,mean,truth,tau,-1,0.254759851213069
20,mean,mfvb,tau,-1,0.260339394907905
20,sd,mfvb,tau,-1,0.0163998403666512
20,sd,lrvb,tau,-1,0.016524608574116
20,mean,truth,nu,-1,3.6753140201958
20,mean,mfvb,nu,-1,1.67573283255856
20,sd,mfvb,nu,-1,0.789948032906067
20,sd,lrvb,nu,-1,0.805383018064858
20,mean,truth,beta,1,0.163554343415448
20,mean,mfvb,beta,1,0.246246278099316
20,sd,mfvb,beta,1,0.0932130052736476
20,sd,lrvb,beta,1,0.116541532549237
20,mean,truth,beta,2,0.259641214875405
20,mean,mfvb,beta,2,0.329659158719103
20,sd,mfvb,beta,2,0.0884806261621428
20,sd,lrvb,beta,2,0.118226633394216
20,mean,truth,beta,3,1.65041541584526
20,mean,mfvb,beta,3,1.68057555710692
20,sd,mfvb,beta,3,0.092288410424157
20,sd,lrvb,beta,3,0.0925877540888998
20,mean,truth,gamma,1,-1.06326868263651
20,mean,mfvb,gamma,1,-0.731367032787547
20,sd,mfvb,gamma,1,0.22929778356169
20,sd,lrvb,gamma,1,0.261588064319762
20,mean,truth,gamma,2,0.208661308747724
20,mean,mfvb,gamma,2,0.142924596724013
20,sd,mfvb,gamma,2,0.206668851352552
20,sd,lrvb,gamma,2,0.23061708732137
20,mean,truth,gamma,3,1.00653913722354
20,mean,mfvb,gamma,3,0.715962936461199
20,sd,mfvb,gamma,3,0.21316579669217
20,sd,lrvb,gamma,3,0.240575999518576
20,mean,truth,gamma,4,0.100851252230587
20,mean,mfvb,gamma,4,-0.257912838986811
20,sd,mfvb,gamma,4,0.196457817586351
20,sd,lrvb,gamma,4,0.232077722891385
20,mean,truth,gamma,5,-0.0241755327745843
20,mean,mfvb,gamma,5,0.102563827640816
20,sd,mfvb,gamma,5,0.215622940637335
20,sd,lrvb,gamma,5,0.24631527536531
20,mean,mcmc,beta,1,0.201952198208853
20,sd,mcmc,beta,1,0.105874473870064
20,effsize,mcmc,beta,1,1700
20,mean,mcmc,beta,2,0.281629392285083
20,sd,mcmc,beta,2,0.109456317107079
20,effsize,mcmc,beta,2,1824.0426355213
20,mean,mcmc,beta,3,1.54810635210744
20,sd,mcmc,beta,3,0.0910731656597357
20,effsize,mcmc,beta,3,1823.96795320569
20,mean,mcmc,tau,-1,0.258332485338471
20,sd,mcmc,tau,-1,0.0163521508679142
20,effsize,mcmc,tau,-1,2458.40365685946
20,mean,mcmc,nu,-1,3.29487361762244
20,sd,mcmc,nu,-1,1.90092897595354
20,effsize,mcmc,nu,-1,2380.50123628818
20,mean,mcmc,gamma,1,-0.616482850914115
20,sd,mcmc,gamma,1,0.247025403570876
20,effsize,mcmc,gamma,1,1700
20,mean,mcmc,gamma,2,0.179129776073599
20,sd,mcmc,gamma,2,0.219304000250587
20,effsize,mcmc,gamma,2,1829.45408050552
20,mean,mcmc,gamma,3,0.721735357606343
20,sd,mcmc,gamma,3,0.233632758565698
20,effsize,mcmc,gamma,3,1700
20,mean,mcmc,gamma,4,-0.182366572678951
20,sd,mcmc,gamma,4,0.216719815909671
20,effsize,mcmc,gamma,4,1700
20,mean,mcmc,gamma,5,0.134210013366665
20,sd,mcmc,gamma,5,0.231721533638707
20,effsize,mcmc,gamma,5,2725.67323078539
21,mean,truth,tau,-1,0.360391438086432
21,mean,mfvb,tau,-1,0.368119909467034
21,sd,mfvb,tau,-1,0.023189374597652
21,sd,lrvb,tau,-1,0.0233681104548194
21,mean,truth,nu,-1,3.14416655172166
21,mean,mfvb,nu,-1,1.84276861905427
21,sd,mfvb,nu,-1,0.868689457794027
21,sd,lrvb,nu,-1,0.884250849806292
21,mean,truth,beta,1,1.26512149341312
21,mean,mfvb,beta,1,1.22235099810236
21,sd,mfvb,beta,1,0.0783984470519016
21,sd,lrvb,beta,1,0.0992805300520481
21,mean,truth,beta,2,2.43317586041898
21,mean,mfvb,beta,2,2.4951457238741
21,sd,mfvb,beta,2,0.0744172694036842
21,sd,lrvb,beta,2,0.100984281317752
21,mean,truth,beta,3,2.73170565456124
21,mean,mfvb,beta,3,2.73109283334578
21,sd,mfvb,beta,3,0.0776205416215001
21,sd,lrvb,beta,3,0.0778767890668272
21,mean,truth,gamma,1,0.267564059747002
21,mean,mfvb,gamma,1,0.362710830411413
21,sd,mfvb,gamma,1,0.194746746075234
21,sd,lrvb,gamma,1,0.223037085812802
21,mean,truth,gamma,2,0.454018617998824
21,mean,mfvb,gamma,2,0.68113904731955
21,sd,mfvb,gamma,2,0.175199542341975
21,sd,lrvb,gamma,2,0.19858033688577
21,mean,truth,gamma,3,0.0416803810243657
21,mean,mfvb,gamma,3,0.075531248823775
21,sd,mfvb,gamma,3,0.180800562939604
21,sd,lrvb,gamma,3,0.204357788028318
21,mean,truth,gamma,4,0.361591925014074
21,mean,mfvb,gamma,4,0.346396553882759
21,sd,mfvb,gamma,4,0.166413738315364
21,sd,lrvb,gamma,4,0.198793584582518
21,mean,truth,gamma,5,0.030548425999134
21,mean,mfvb,gamma,5,0.0169336294934524
21,sd,mfvb,gamma,5,0.18292115235395
21,sd,lrvb,gamma,5,0.210456709575352
21,mean,mcmc,beta,1,1.04910044062676
21,sd,mcmc,beta,1,0.0985327588364155
21,effsize,mcmc,beta,1,1360.16532678644
21,mean,mcmc,beta,2,2.2358081414068
21,sd,mcmc,beta,2,0.101720458264872
21,effsize,mcmc,beta,2,1700
21,mean,mcmc,beta,3,2.56784274694936
21,sd,mcmc,beta,3,0.076489443221539
21,effsize,mcmc,beta,3,1700
21,mean,mcmc,tau,-1,0.359381306453526
21,sd,mcmc,tau,-1,0.0233930313643388
21,effsize,mcmc,tau,-1,1700
21,mean,mcmc,nu,-1,2.41691876733621
21,sd,mcmc,nu,-1,1.4556285757904
21,effsize,mcmc,nu,-1,1700
21,mean,mcmc,gamma,1,0.648989492145295
21,sd,mcmc,gamma,1,0.228429490660884
21,effsize,mcmc,gamma,1,1700
21,mean,mcmc,gamma,2,0.906476692283092
21,sd,mcmc,gamma,2,0.205955552425868
21,effsize,mcmc,gamma,2,1876.24212852466
21,mean,mcmc,gamma,3,0.314235720111163
21,sd,mcmc,gamma,3,0.207318655088451
21,effsize,mcmc,gamma,3,1700
21,mean,mcmc,gamma,4,0.635655223029918
21,sd,mcmc,gamma,4,0.205778180795838
21,effsize,mcmc,gamma,4,1826.10468464101
21,mean,mcmc,gamma,5,0.264446848859314
21,sd,mcmc,gamma,5,0.213013418663688
21,effsize,mcmc,gamma,5,1700
22,mean,truth,tau,-1,0.787281687070105
22,mean,mfvb,tau,-1,0.803935442466288
22,sd,mfvb,tau,-1,0.0506431726408684
22,sd,lrvb,tau,-1,0.0510376568070997
22,mean,truth,nu,-1,3.19957094991974
22,mean,mfvb,nu,-1,1.99794953737384
22,sd,mfvb,nu,-1,0.94184244423038
22,sd,lrvb,nu,-1,0.945218294189899
22,mean,truth,beta,1,0.358467224162417
22,mean,mfvb,beta,1,0.449596657521942
22,sd,mfvb,beta,1,0.0530596556283002
22,sd,lrvb,beta,1,0.0678782925988512
22,mean,truth,beta,2,2.40371835852547
22,mean,mfvb,beta,2,2.43221227710741
22,sd,mfvb,beta,2,0.0503643940858079
22,sd,lrvb,beta,2,0.0692116939299769
22,mean,truth,beta,3,0.736251893372922
22,mean,mfvb,beta,3,0.744202636516657
22,sd,mfvb,beta,3,0.0525329440183966
22,sd,lrvb,beta,3,0.0527109890883104
22,mean,truth,gamma,1,-0.0170979638628529
22,mean,mfvb,gamma,1,-0.315439814634003
22,sd,mfvb,gamma,1,0.134163354155619
22,sd,lrvb,gamma,1,0.154322620217485
22,mean,truth,gamma,2,0.424354384401688
22,mean,mfvb,gamma,2,0.380967094102373
22,sd,mfvb,gamma,2,0.12027951156004
22,sd,lrvb,gamma,2,0.135926309007852
22,mean,truth,gamma,3,0.243358863536631
22,mean,mfvb,gamma,3,-0.0130499638023221
22,sd,mfvb,gamma,3,0.124243138040726
22,sd,lrvb,gamma,3,0.141341953010501
22,mean,truth,gamma,4,0.248517787346967
22,mean,mfvb,gamma,4,0.0783682306645455
22,sd,mfvb,gamma,4,0.114084402484131
22,sd,lrvb,gamma,4,0.136957902448349
22,mean,truth,gamma,5,-0.324324927579718
22,mean,mfvb,gamma,5,-0.420639230232203
22,sd,mfvb,gamma,5,0.125746786765031
22,sd,lrvb,gamma,5,0.146050127835304
22,mean,mcmc,beta,1,0.395404232822748
22,sd,mcmc,beta,1,0.066193119190907
22,effsize,mcmc,beta,1,1700
22,mean,mcmc,beta,2,2.31751644546691
22,sd,mcmc,beta,2,0.0682447094740583
22,effsize,mcmc,beta,2,1700
22,mean,mcmc,beta,3,0.72362110742172
22,sd,mcmc,beta,3,0.0513179520675558
22,effsize,mcmc,beta,3,1700
22,mean,mcmc,tau,-1,0.802055296092285
22,sd,mcmc,tau,-1,0.0503502672667611
22,effsize,mcmc,tau,-1,1700
22,mean,mcmc,nu,-1,4.8814534165544
22,sd,mcmc,nu,-1,2.65306963900603
22,effsize,mcmc,nu,-1,1700
22,mean,mcmc,gamma,1,-0.186131368926957
22,sd,mcmc,gamma,1,0.148239727364714
22,effsize,mcmc,gamma,1,1700
22,mean,mcmc,gamma,2,0.461866022420539
22,sd,mcmc,gamma,2,0.131900068920343
22,effsize,mcmc,gamma,2,1700
22,mean,mcmc,gamma,3,0.0824954952730893
22,sd,mcmc,gamma,3,0.132866897425861
22,effsize,mcmc,gamma,3,1829.05089244649
22,mean,mcmc,gamma,4,0.188828695407214
22,sd,mcmc,gamma,4,0.13387429256262
22,effsize,mcmc,gamma,4,1700
22,mean,mcmc,gamma,5,-0.293325806418575
22,sd,mcmc,gamma,5,0.142205264670043
22,effsize,mcmc,gamma,5,1830.24433418081
23,mean,truth,tau,-1,0.213959399325737
23,mean,mfvb,tau,-1,0.214075296603891
23,sd,mfvb,tau,-1,0.0134854761108639
23,sd,lrvb,tau,-1,0.0135886169062591
23,mean,truth,nu,-1,1.52426552846733
23,mean,mfvb,nu,-1,1.49770963265385
23,sd,mfvb,nu,-1,0.706027091665299
23,sd,lrvb,nu,-1,0.724184609090326
23,mean,truth,beta,1,0.0765306345301322
23,mean,mfvb,beta,1,0.0901022850603619
23,sd,mfvb,beta,1,0.102783193206072
23,sd,lrvb,beta,1,0.12813414335287
23,mean,truth,beta,2,2.13657821359569
23,mean,mfvb,beta,2,2.09593932256625
23,sd,mfvb,beta,2,0.0975658364825282
23,sd,lrvb,beta,2,0.129894831772679
23,mean,truth,beta,3,2.90954835446542
23,mean,mfvb,beta,3,2.89702694087385
23,sd,mfvb,beta,3,0.10176392020792
23,sd,lrvb,beta,3,0.102092381623897
23,mean,truth,gamma,1,-0.76482152011312
23,mean,mfvb,gamma,1,-0.440744062696581
23,sd,mfvb,gamma,1,0.251901050526155
23,sd,lrvb,gamma,1,0.285176779895403
23,mean,truth,gamma,2,0.709738712383325
23,mean,mfvb,gamma,2,0.855150916317055
23,sd,mfvb,gamma,2,0.22720349863706
23,sd,lrvb,gamma,2,0.25531799839044
23,mean,truth,gamma,3,-0.615715599295105
23,mean,mfvb,gamma,3,-0.396319217262136
23,sd,mfvb,gamma,3,0.234299732656011
23,sd,lrvb,gamma,3,0.262949259367738
23,mean,truth,gamma,4,0.472990762229269
23,mean,mfvb,gamma,4,0.652919249100116
23,sd,mfvb,gamma,4,0.216042267261345
23,sd,lrvb,gamma,4,0.255557490534581
23,mean,truth,gamma,5,-0.350511155720024
23,mean,mfvb,gamma,5,-0.476925287104294
23,sd,mfvb,gamma,5,0.236982422847733
23,sd,lrvb,gamma,5,0.270797303319611
23,mean,mcmc,beta,1,-0.000889750336714309
23,sd,mcmc,beta,1,0.119248466634148
23,effsize,mcmc,beta,1,1700
23,mean,mcmc,beta,2,1.78578442269098
23,sd,mcmc,beta,2,0.123140195290094
23,effsize,mcmc,beta,2,1700
23,mean,mcmc,beta,3,2.61693780428485
23,sd,mcmc,beta,3,0.100170722413477
23,effsize,mcmc,beta,3,1700
23,mean,mcmc,tau,-1,0.208358594202819
23,sd,mcmc,tau,-1,0.0136242683155206
23,effsize,mcmc,tau,-1,1700
23,mean,mcmc,nu,-1,2.21436030531481
23,sd,mcmc,nu,-1,1.32807512248796
23,effsize,mcmc,nu,-1,1700
23,mean,mcmc,gamma,1,-0.148297166879365
23,sd,mcmc,gamma,1,0.278764128608659
23,effsize,mcmc,gamma,1,1700
23,mean,mcmc,gamma,2,1.03926880121605
23,sd,mcmc,gamma,2,0.260036809418423
23,effsize,mcmc,gamma,2,1700
23,mean,mcmc,gamma,3,-0.160141901349969
23,sd,mcmc,gamma,3,0.249673995663351
23,effsize,mcmc,gamma,3,1929.88669187908
23,mean,mcmc,gamma,4,0.90923542972187
23,sd,mcmc,gamma,4,0.256666603112288
23,effsize,mcmc,gamma,4,1933.26297421076
23,mean,mcmc,gamma,5,-0.228171454407438
23,sd,mcmc,gamma,5,0.268183878838785
23,effsize,mcmc,gamma,5,1700
24,mean,truth,tau,-1,0.294731572474821
24,mean,mfvb,tau,-1,0.296881307244489
24,sd,mfvb,tau,-1,0.0187017644731589
24,sd,lrvb,tau,-1,0.0188539751326771
24,mean,truth,nu,-1,1.47363946111874
24,mean,mfvb,nu,-1,1.13617926263132
24,sd,mfvb,nu,-1,0.535600040833424
24,sd,lrvb,nu,-1,0.554591669508778
24,mean,truth,beta,1,2.36442219925235
24,mean,mfvb,beta,1,2.28656665412032
24,sd,mfvb,beta,1,0.0872928002508863
24,sd,lrvb,beta,1,0.111501716185825
24,mean,truth,beta,2,1.99506592054834
24,mean,mfvb,beta,2,2.11423525475037
24,sd,mfvb,beta,2,0.0828605534635704
24,sd,lrvb,beta,2,0.113654729142677
24,mean,truth,beta,3,1.74666803391332
24,mean,mfvb,beta,3,1.73090605223377
24,sd,mfvb,beta,3,0.0864268078559156
24,sd,lrvb,beta,3,0.0867142604397766
24,mean,truth,gamma,1,0.885212114777076
24,mean,mfvb,gamma,1,0.813145051060955
24,sd,mfvb,gamma,1,0.218663894565209
24,sd,lrvb,gamma,1,0.253040426007734
24,mean,truth,gamma,2,0.342506233827718
24,mean,mfvb,gamma,2,0.153898164038535
24,sd,mfvb,gamma,2,0.196402991019563
24,sd,lrvb,gamma,2,0.221642247770749
24,mean,truth,gamma,3,1.72017648969281
24,mean,mfvb,gamma,3,1.68180732845408
24,sd,mfvb,gamma,3,0.202770805312568
24,sd,lrvb,gamma,3,0.236030997903372
24,mean,truth,gamma,4,-0.329832320594005
24,mean,mfvb,gamma,4,-0.395117502709859
24,sd,mfvb,gamma,4,0.186430880714376
24,sd,lrvb,gamma,4,0.222666457196532
24,mean,truth,gamma,5,-0.0409396273729262
24,mean,mfvb,gamma,5,0.21780960345325
24,sd,mfvb,gamma,5,0.205183917366794
24,sd,lrvb,gamma,5,0.237728505418171
24,mean,mcmc,beta,1,1.9491421531836
24,sd,mcmc,beta,1,0.109000899468138
24,effsize,mcmc,beta,1,1700
24,mean,mcmc,beta,2,1.77825669174117
24,sd,mcmc,beta,2,0.108218623130823
24,effsize,mcmc,beta,2,1699.99999999999
24,mean,mcmc,beta,3,1.60458837176938
24,sd,mcmc,beta,3,0.0857933646704589
24,effsize,mcmc,beta,3,1700
24,mean,mcmc,tau,-1,0.288439031870056
24,sd,mcmc,tau,-1,0.0185783385639889
24,effsize,mcmc,tau,-1,1554.72020590264
24,mean,mcmc,nu,-1,0.906240697337937
24,sd,mcmc,nu,-1,0.529678673926802
24,effsize,mcmc,nu,-1,1700
24,mean,mcmc,gamma,1,1.27483895906709
24,sd,mcmc,gamma,1,0.261870937837009
24,effsize,mcmc,gamma,1,1966.89436870782
24,mean,mcmc,gamma,2,0.537713365609978
24,sd,mcmc,gamma,2,0.219905928270879
24,effsize,mcmc,gamma,2,1700
24,mean,mcmc,gamma,3,2.09511149794442
24,sd,mcmc,gamma,3,0.242038344404588
24,effsize,mcmc,gamma,3,1700
24,mean,mcmc,gamma,4,0.0537553420886955
24,sd,mcmc,gamma,4,0.221971721280006
24,effsize,mcmc,gamma,4,1700
24,mean,mcmc,gamma,5,0.621086705952982
24,sd,mcmc,gamma,5,0.239186211395823
24,effsize,mcmc,gamma,5,1700
25,mean,truth,tau,-1,0.81284457847821
25,mean,mfvb,tau,-1,0.85693490503058
25,sd,mfvb,tau,-1,0.0539818249638492
25,sd,lrvb,tau,-1,0.0544116842870644
25,mean,truth,nu,-1,1.00974864999587
25,mean,mfvb,nu,-1,1.36922740083619
25,sd,mfvb,nu,-1,0.645459986745136
25,sd,lrvb,nu,-1,0.650207401992091
25,mean,truth,beta,1,0.663715692341161
25,mean,mfvb,beta,1,0.684732466072598
25,sd,mfvb,beta,1,0.0513931109389107
25,sd,lrvb,beta,1,0.0661177705547943
25,mean,truth,beta,2,1.51844274157655
25,mean,mfvb,beta,2,1.52643652354684
25,sd,mfvb,beta,2,0.0487824629784204
25,sd,lrvb,beta,2,0.0674953163369753
25,mean,truth,beta,3,1.95199210818127
25,mean,mfvb,beta,3,1.98865669878979
25,sd,mfvb,beta,3,0.0508829311457586
25,sd,lrvb,beta,3,0.0510576435596533
25,mean,truth,gamma,1,0.201537159935216
25,mean,mfvb,gamma,1,0.182176482994947
25,sd,mfvb,gamma,1,0.130790759170763
25,sd,lrvb,gamma,1,0.150859976367122
25,mean,truth,gamma,2,-0.446535825748308
25,mean,mfvb,gamma,2,-0.691025095883997
25,sd,mfvb,gamma,2,0.1171065374366
25,sd,lrvb,gamma,2,0.132896792482812
25,mean,truth,gamma,3,-1.07609208843832
25,mean,mfvb,gamma,3,-0.9992664525386
25,sd,mfvb,gamma,3,0.121007881363416
25,sd,lrvb,gamma,3,0.138515673108613
25,mean,truth,gamma,4,1.0322946792442
25,mean,mfvb,gamma,4,0.995241886732803
25,sd,mfvb,gamma,4,0.111016775301329
25,sd,lrvb,gamma,4,0.134032082887714
25,mean,truth,gamma,5,0.0346826757088283
25,mean,mfvb,gamma,5,0.0226874644794935
25,sd,mfvb,gamma,5,0.122488983262888
25,sd,lrvb,gamma,5,0.142591158689664
25,mean,mcmc,beta,1,0.633057362761539
25,sd,mcmc,beta,1,0.0642495087262435
25,effsize,mcmc,beta,1,1700
25,mean,mcmc,beta,2,1.45161775560628
25,sd,mcmc,beta,2,0.0665705588012223
25,effsize,mcmc,beta,2,1700
25,mean,mcmc,beta,3,1.93601155743682
25,sd,mcmc,beta,3,0.0506582824176022
25,effsize,mcmc,beta,3,2113.25993140377
25,mean,mcmc,tau,-1,0.851158973809114
25,sd,mcmc,tau,-1,0.0533059213688602
25,effsize,mcmc,tau,-1,1563.31377597612
25,mean,mcmc,nu,-1,1.99350642842899
25,sd,mcmc,nu,-1,1.06851293269859
25,effsize,mcmc,nu,-1,1700
25,mean,mcmc,gamma,1,0.270310430475565
25,sd,mcmc,gamma,1,0.149542624603823
25,effsize,mcmc,gamma,1,1700
25,mean,mcmc,gamma,2,-0.614264412393216
25,sd,mcmc,gamma,2,0.131375057745082
25,effsize,mcmc,gamma,2,1700
25,mean,mcmc,gamma,3,-0.913181794736737
25,sd,mcmc,gamma,3,0.13655711975053
25,effsize,mcmc,gamma,3,1700
25,mean,mcmc,gamma,4,1.0754540149295
25,sd,mcmc,gamma,4,0.132747075704219
25,effsize,mcmc,gamma,4,1700
25,mean,mcmc,gamma,5,0.101535766696961
25,sd,mcmc,gamma,5,0.139625053063184
25,effsize,mcmc,gamma,5,1700
26,mean,truth,tau,-1,0.70479938487618
26,mean,mfvb,tau,-1,0.697981612455947
26,sd,mfvb,tau,-1,0.0439687087203405
26,sd,lrvb,tau,-1,0.0443140394588662
26,mean,truth,nu,-1,3.78802773305898
26,mean,mfvb,nu,-1,1.67396497564754
26,sd,mfvb,nu,-1,0.789114657166098
26,sd,lrvb,nu,-1,0.794635161864104
26,mean,truth,beta,1,0.642173892892633
26,mean,mfvb,beta,1,0.643170721327832
26,sd,mfvb,beta,1,0.0569434367559458
26,sd,lrvb,beta,1,0.0728821522550165
26,mean,truth,beta,2,2.29122201750761
26,mean,mfvb,beta,2,2.35153312825299
26,sd,mfvb,beta,2,0.0540510045734004
26,sd,lrvb,beta,2,0.0743144191339498
26,mean,truth,beta,3,1.62528828222001
26,mean,mfvb,beta,3,1.59763478990819
26,sd,mfvb,beta,3,0.056378203265645
26,sd,lrvb,beta,3,0.0565701801344873
26,mean,truth,gamma,1,0.289568925899546
26,mean,mfvb,gamma,1,0.209064513469669
26,sd,mfvb,gamma,1,0.144077377849651
26,sd,lrvb,gamma,1,0.165674304455673
26,mean,truth,gamma,2,-0.543512290203326
26,mean,mfvb,gamma,2,-0.698635483336294
26,sd,mfvb,gamma,2,0.129151626733997
26,sd,lrvb,gamma,2,0.14616848234729
26,mean,truth,gamma,3,0.287940889834133
26,mean,mfvb,gamma,3,0.23039387143558
26,sd,mfvb,gamma,3,0.133412142412398
26,sd,lrvb,gamma,3,0.151875338768384
26,mean,truth,gamma,4,0.551515214732464
26,mean,mfvb,gamma,4,0.7669132210494
26,sd,mfvb,gamma,4,0.122493331140844
26,sd,lrvb,gamma,4,0.147494276522336
26,mean,truth,gamma,5,-0.277708324055045
26,mean,mfvb,gamma,5,-0.339035819374381
26,sd,mfvb,gamma,5,0.135028534017249
26,sd,lrvb,gamma,5,0.156682474947022
26,mean,mcmc,beta,1,0.571982406777451
26,sd,mcmc,beta,1,0.0690637898469378
26,effsize,mcmc,beta,1,1700
26,mean,mcmc,beta,2,2.2195771175654
26,sd,mcmc,beta,2,0.0721925634938785
26,effsize,mcmc,beta,2,1752.65855203686
26,mean,mcmc,beta,3,1.54423678603432
26,sd,mcmc,beta,3,0.0564162103295305
26,effsize,mcmc,beta,3,1700
26,mean,mcmc,tau,-1,0.695726870396225
26,sd,mcmc,tau,-1,0.0450252782360966
26,effsize,mcmc,tau,-1,1835.02665647847
26,mean,mcmc,nu,-1,2.82712915717758
26,sd,mcmc,nu,-1,1.58355408438334
26,effsize,mcmc,nu,-1,1700
26,mean,mcmc,gamma,1,0.350808236876361
26,sd,mcmc,gamma,1,0.166388517576201
26,effsize,mcmc,gamma,1,1741.23066126291
26,mean,mcmc,gamma,2,-0.57822482228908
26,sd,mcmc,gamma,2,0.142011847294327
26,effsize,mcmc,gamma,2,1686.18219381812
26,mean,mcmc,gamma,3,0.343135172976461
26,sd,mcmc,gamma,3,0.15134628563298
26,effsize,mcmc,gamma,3,1575.86259944912
26,mean,mcmc,gamma,4,0.88955255208038
26,sd,mcmc,gamma,4,0.145772069545254
26,effsize,mcmc,gamma,4,1700
26,mean,mcmc,gamma,5,-0.203042624919953
26,sd,mcmc,gamma,5,0.154341055702694
26,effsize,mcmc,gamma,5,1539.69863318739
27,mean,truth,tau,-1,0.216860828216858
27,mean,mfvb,tau,-1,0.225957816253304
27,sd,mfvb,tau,-1,0.014234004490416
27,sd,lrvb,tau,-1,0.0143462187502849
27,mean,truth,nu,-1,2.63524990205518
27,mean,mfvb,nu,-1,1.41013049444077
27,sd,mfvb,nu,-1,0.664741889984671
27,sd,lrvb,nu,-1,0.68692894285192
27,mean,truth,beta,1,0.133384808250758
27,mean,mfvb,beta,1,0.235497724750295
27,sd,mfvb,beta,1,0.100046949719601
27,sd,lrvb,beta,1,0.125673339615781
27,mean,truth,beta,2,1.51654080560328
27,mean,mfvb,beta,2,1.47935699754663
27,sd,mfvb,beta,2,0.0949682287826132
27,sd,lrvb,beta,2,0.127587695378829
27,mean,truth,beta,3,1.50476688949555
27,mean,mfvb,beta,3,1.37035464906304
27,sd,mfvb,beta,3,0.0990547392790011
27,sd,lrvb,beta,3,0.0993737862350019
27,mean,truth,gamma,1,0.44398781181888
27,mean,mfvb,gamma,1,0.632443552453245
27,sd,mfvb,gamma,1,0.246456128148876
27,sd,lrvb,gamma,1,0.279381934277466
27,mean,truth,gamma,2,-0.915827157700922
27,mean,mfvb,gamma,2,-0.819327975391191
27,sd,mfvb,gamma,2,0.222077818780786
27,sd,lrvb,gamma,2,0.25113283731197
27,mean,truth,gamma,3,-0.884255817922117
27,mean,mfvb,gamma,3,-0.983682829867089
27,sd,mfvb,gamma,3,0.229075149277808
27,sd,lrvb,gamma,3,0.26182967701081
27,mean,truth,gamma,4,-0.549104073816082
27,mean,mfvb,gamma,4,-0.286937215918971
27,sd,mfvb,gamma,4,0.211083241979145
27,sd,lrvb,gamma,4,0.250408739969199
27,mean,truth,gamma,5,0.0706784513481861
27,mean,mfvb,gamma,5,0.018820053361694
27,sd,mfvb,gamma,5,0.231721924009809
27,sd,lrvb,gamma,5,0.265193975476394
27,mean,mcmc,beta,1,0.140837587718781
27,sd,mcmc,beta,1,0.112259187066641
27,effsize,mcmc,beta,1,1573.369427525
27,mean,mcmc,beta,2,1.25629555786996
27,sd,mcmc,beta,2,0.118815444412975
27,effsize,mcmc,beta,2,1700
27,mean,mcmc,beta,3,1.24455805231736
27,sd,mcmc,beta,3,0.096182577322624
27,effsize,mcmc,beta,3,1700
27,mean,mcmc,tau,-1,0.223294704853082
27,sd,mcmc,tau,-1,0.0150156679125251
27,effsize,mcmc,tau,-1,1548.65660510602
27,mean,mcmc,nu,-1,2.45836052773858
27,sd,mcmc,nu,-1,1.48402306187834
27,effsize,mcmc,nu,-1,1700
27,mean,mcmc,gamma,1,0.800206616335463
27,sd,mcmc,gamma,1,0.263465246603048
27,effsize,mcmc,gamma,1,1552.07079129898
27,mean,mcmc,gamma,2,-0.610628418713978
27,sd,mcmc,gamma,2,0.241235696301437
27,effsize,mcmc,gamma,2,1541.61754436714
27,mean,mcmc,gamma,3,-0.748902316875654
27,sd,mcmc,gamma,3,0.252516378959135
27,effsize,mcmc,gamma,3,1841.70045308884
27,mean,mcmc,gamma,4,-0.0724139246651813
27,sd,mcmc,gamma,4,0.234805432749931
27,effsize,mcmc,gamma,4,1700
27,mean,mcmc,gamma,5,0.195334111695685
27,sd,mcmc,gamma,5,0.25805979071126
27,effsize,mcmc,gamma,5,1495.90334750298
28,mean,truth,tau,-1,0.858235299095787
28,mean,mfvb,tau,-1,1.04427943985783
28,sd,mfvb,tau,-1,0.0657834213600394
28,sd,lrvb,tau,-1,0.0663119196376428
28,mean,truth,nu,-1,1.94656666086497
28,mean,mfvb,nu,-1,1.3131437084206
28,sd,mfvb,nu,-1,0.619021880597773
28,sd,lrvb,nu,-1,0.62477694502107
28,mean,truth,beta,1,0.469541176274254
28,mean,mfvb,beta,1,0.455900953304782
28,sd,mfvb,beta,1,0.0465565538523118
28,sd,lrvb,beta,1,0.0601235400641444
28,mean,truth,beta,2,1.3145909230395
28,mean,mfvb,beta,2,1.37395234965108
28,sd,mfvb,beta,2,0.0441914889917453
28,sd,lrvb,beta,2,0.0614285779916699
28,mean,truth,beta,3,2.98147608983657
28,mean,mfvb,beta,3,2.95138554012053
28,sd,mfvb,beta,3,0.0460943579783199
28,sd,lrvb,beta,3,0.0462533364886409
28,mean,truth,gamma,1,1.0949221787339
28,mean,mfvb,gamma,1,1.1234036768502
28,sd,mfvb,gamma,1,0.118776008338581
28,sd,lrvb,gamma,1,0.138014370948507
28,mean,truth,gamma,2,1.01409029309345
28,mean,mfvb,gamma,2,1.03840290040242
28,sd,mfvb,gamma,2,0.10629601661068
28,sd,lrvb,gamma,2,0.12115457203968
28,mean,truth,gamma,3,0.154086028210996
28,mean,mfvb,gamma,3,0.208089980678264
28,sd,mfvb,gamma,3,0.109852156304
28,sd,lrvb,gamma,3,0.125694926154755
28,mean,truth,gamma,4,-0.656139362299322
28,mean,mfvb,gamma,4,-0.631291269264646
28,sd,mfvb,gamma,4,0.100747931555406
28,sd,lrvb,gamma,4,0.121676379215372
28,mean,truth,gamma,5,0.167136674378545
28,mean,mfvb,gamma,5,0.10791063498796
28,sd,mfvb,gamma,5,0.111202589042044
28,sd,lrvb,gamma,5,0.129768538562718
28,mean,mcmc,beta,1,0.42702420548436
28,sd,mcmc,beta,1,0.0598524391415106
28,effsize,mcmc,beta,1,1700
28,mean,mcmc,beta,2,1.31922969475136
28,sd,mcmc,beta,2,0.0613630954848644
28,effsize,mcmc,beta,2,1700
28,mean,mcmc,beta,3,2.8868510443126
28,sd,mcmc,beta,3,0.0452468949466562
28,effsize,mcmc,beta,3,1700
28,mean,mcmc,tau,-1,1.042614535069
28,sd,mcmc,tau,-1,0.0682459084196923
28,effsize,mcmc,tau,-1,1700
28,mean,mcmc,nu,-1,1.73035749053504
28,sd,mcmc,nu,-1,0.938397388267107
28,effsize,mcmc,nu,-1,1700
28,mean,mcmc,gamma,1,1.18489034772192
28,sd,mcmc,gamma,1,0.138576586056005
28,effsize,mcmc,gamma,1,1743.3919474112
28,mean,mcmc,gamma,2,1.08585729582064
28,sd,mcmc,gamma,2,0.122550125869891
28,effsize,mcmc,gamma,2,1700
28,mean,mcmc,gamma,3,0.260285695656278
28,sd,mcmc,gamma,3,0.122992059242797
28,effsize,mcmc,gamma,3,1700
28,mean,mcmc,gamma,4,-0.570719524648296
28,sd,mcmc,gamma,4,0.121520232153825
28,effsize,mcmc,gamma,4,1700
28,mean,mcmc,gamma,5,0.156024853975848
28,sd,mcmc,gamma,5,0.12592571806606
28,effsize,mcmc,gamma,5,1560.15177236102
29,mean,truth,tau,-1,0.374862800601525
29,mean,mfvb,tau,-1,0.347026035251193
29,sd,mfvb,tau,-1,0.0218605854223664
29,sd,lrvb,tau,-1,0.0220369210326386
29,mean,truth,nu,-1,2.83857067769179
29,mean,mfvb,nu,-1,1.10339808395576
29,sd,mfvb,nu,-1,0.520146845008906
29,sd,lrvb,nu,-1,0.532107485441128
29,mean,truth,beta,1,1.27599495271246
29,mean,mfvb,beta,1,1.24346798116377
29,sd,mfvb,beta,1,0.0807444929057339
29,sd,lrvb,beta,1,0.102976271246561
29,mean,truth,beta,2,2.18302712630771
29,mean,mfvb,beta,2,2.31274691469871
29,sd,mfvb,beta,2,0.0766443200485918
29,sd,lrvb,beta,2,0.104947551794053
29,mean,truth,beta,3,1.10054704526501
29,mean,mfvb,beta,3,1.04839294292584
29,sd,mfvb,beta,3,0.0799433480411265
29,sd,lrvb,beta,3,0.0802117462092625
29,mean,truth,gamma,1,-0.489264091701595
29,mean,mfvb,gamma,1,-0.780581089414064
29,sd,mfvb,gamma,1,0.203185377224365
29,sd,lrvb,gamma,1,0.234164025630906
29,mean,truth,gamma,2,-0.123378590165884
29,mean,mfvb,gamma,2,-0.174239801125952
29,sd,mfvb,gamma,2,0.18233690299098
29,sd,lrvb,gamma,2,0.205720327648952
29,mean,truth,gamma,3,1.50163600227082
29,mean,mfvb,gamma,3,1.43974710628216
29,sd,mfvb,gamma,3,0.18829501312815
29,sd,lrvb,gamma,3,0.214568473809372
29,mean,truth,gamma,4,-0.779635268969373
29,mean,mfvb,gamma,4,-0.672649403549191
29,sd,mfvb,gamma,4,0.173015036514841
29,sd,lrvb,gamma,4,0.207884562832284
29,mean,truth,gamma,5,-0.258151577084242
29,mean,mfvb,gamma,5,-0.902992039930645
29,sd,mfvb,gamma,5,0.190554026831398
29,sd,lrvb,gamma,5,0.221803252101762
29,mean,mcmc,beta,1,1.04999046256411
29,sd,mcmc,beta,1,0.0979948892292941
29,effsize,mcmc,beta,1,1700
29,mean,mcmc,beta,2,2.04356928705409
29,sd,mcmc,beta,2,0.100867900625821
29,effsize,mcmc,beta,2,1915.64679354823
29,mean,mcmc,beta,3,0.97520015438227
29,sd,mcmc,beta,3,0.0802762788586423
29,effsize,mcmc,beta,3,1700
29,mean,mcmc,tau,-1,0.341422940731053
29,sd,mcmc,tau,-1,0.0219906785174659
29,effsize,mcmc,tau,-1,1875.27615737217
29,mean,mcmc,nu,-1,1.50333995680255
29,sd,mcmc,nu,-1,0.850820065958294
29,effsize,mcmc,nu,-1,1438.02886816578
29,mean,mcmc,gamma,1,-0.457295718635189
29,sd,mcmc,gamma,1,0.233118029754921
29,effsize,mcmc,gamma,1,1700
29,mean,mcmc,gamma,2,0.0912067122006345
29,sd,mcmc,gamma,2,0.20622685120595
29,effsize,mcmc,gamma,2,1700
29,mean,mcmc,gamma,3,1.68334868182997
29,sd,mcmc,gamma,3,0.218860013777044
29,effsize,mcmc,gamma,3,1700
29,mean,mcmc,gamma,4,-0.356696855581614
29,sd,mcmc,gamma,4,0.205415525293141
29,effsize,mcmc,gamma,4,1825.22992660097
29,mean,mcmc,gamma,5,-0.596176694979536
29,sd,mcmc,gamma,5,0.21488635603852
29,effsize,mcmc,gamma,5,1700
30,mean,truth,tau,-1,0.997931782397625
30,mean,mfvb,tau,-1,1.05723711831607
30,sd,mfvb,tau,-1,0.0665996783783544
30,sd,lrvb,tau,-1,0.0671362747039839
30,mean,truth,nu,-1,0.685649157013374
30,mean,mfvb,nu,-1,0.680901662465417
30,sd,mfvb,nu,-1,0.320980121900327
30,sd,lrvb,nu,-1,0.322869645983274
30,mean,truth,beta,1,1.29185768971881
30,mean,mfvb,beta,1,1.38294125548745
30,sd,mfvb,beta,1,0.0462704336581883
30,sd,lrvb,beta,1,0.0599136442156373
30,mean,truth,beta,2,1.99912528259109
30,mean,mfvb,beta,2,1.99024380729628
30,sd,mfvb,beta,2,0.0439198979419952
30,sd,lrvb,beta,2,0.0612462244866931
30,mean,truth,beta,3,1.13172629940391
30,mean,mfvb,beta,3,1.18157607133925
30,sd,mfvb,beta,3,0.0458110766827233
30,sd,lrvb,beta,3,0.0459713719503914
30,mean,truth,gamma,1,0.758682069031784
30,mean,mfvb,gamma,1,0.752633913797254
30,sd,mfvb,gamma,1,0.118582942304071
30,sd,lrvb,gamma,1,0.137408307351734
30,mean,truth,gamma,2,1.40975120500165
30,mean,mfvb,gamma,2,1.34231712820169
30,sd,mfvb,gamma,2,0.106027020462133
30,sd,lrvb,gamma,2,0.120670635659085
30,mean,truth,gamma,3,0.183471969758447
30,mean,mfvb,gamma,3,0.262443956298785
30,sd,mfvb,gamma,3,0.109601344266071
30,sd,lrvb,gamma,3,0.125584655122886
30,mean,truth,gamma,4,0.16696801661216
30,mean,mfvb,gamma,4,0.0679707564712692
30,sd,mfvb,gamma,4,0.100455753240882
30,sd,lrvb,gamma,4,0.121703874109032
30,mean,truth,gamma,5,-2.52156539551203
30,mean,mfvb,gamma,5,-2.59157834572758
30,sd,mfvb,gamma,5,0.110959386164352
30,sd,lrvb,gamma,5,0.130194827654282
30,mean,mcmc,beta,1,1.30564300549591
30,sd,mcmc,beta,1,0.0603037559809044
30,effsize,mcmc,beta,1,1700
30,mean,mcmc,beta,2,1.89546647280755
30,sd,mcmc,beta,2,0.0610208632139784
30,effsize,mcmc,beta,2,1700
30,mean,mcmc,beta,3,1.15434141746787
30,sd,mcmc,beta,3,0.0454967500503236
30,effsize,mcmc,beta,3,1700
30,mean,mcmc,tau,-1,1.050530418857
30,sd,mcmc,tau,-1,0.0693478722259899
30,effsize,mcmc,tau,-1,1700
30,mean,mcmc,nu,-1,0.695566533040845
30,sd,mcmc,nu,-1,0.389143132212551
30,effsize,mcmc,nu,-1,1700
30,mean,mcmc,gamma,1,0.876069798156499
30,sd,mcmc,gamma,1,0.137486042917658
30,effsize,mcmc,gamma,1,1700
30,mean,mcmc,gamma,2,1.43783449020239
30,sd,mcmc,gamma,2,0.118051418007056
30,effsize,mcmc,gamma,2,1700
30,mean,mcmc,gamma,3,0.361409754105305
30,sd,mcmc,gamma,3,0.122228798108075
30,effsize,mcmc,gamma,3,1700
30,mean,mcmc,gamma,4,0.187558921119672
30,sd,mcmc,gamma,4,0.122275023472979
30,effsize,mcmc,gamma,4,1700
30,mean,mcmc,gamma,5,-2.48125604419718
30,sd,mcmc,gamma,5,0.128851055959224
30,effsize,mcmc,gamma,5,1700
-1,truth,analysis,n,-1,500
-1,truth,analysis,re_num,-1,5
-1,truth,analysis,beta_prior_info_scale,-1,0.1
-1,truth,analysis,nu_prior_alpha,-1,2
-1,truth,analysis,nu_prior_gamma,-1,2
-1,truth,analysis,tau_prior_alpha,-1,2
-1,truth,analysis,tau_prior_gamma,-1,2
