sim.id,variable,measurement,method,value
1,mu,mean,truth,1.08325652406747
1,tau,mean,truth,3.60575766734841
1,log_tau,mean,truth,1.28253191990185
1,mu,mean,mfvb,1.11457374168154
1,tau,mean,mfvb,3.55575333866549
1,log_tau,mean,mfvb,1.26658151118072
1,mu,sd,mfvb,0.0245481271274875
1,tau,sd,mfvb,0.223991406133251
1,log_tau,sd,mfvb,0.0630566245743312
1,mu,sd,lrvb,0.0412001358763611
1,tau,sd,lrvb,0.573522659049718
1,log_tau,sd,lrvb,0.161318713368299
1,mu,mean,mcmc,1.11575811282444
1,mu,sd,mcmc,0.0418382585397581
1,mu,effsize,mcmc,1120.3316930549
1,tau,mean,mcmc,3.55217945983265
1,tau,sd,mcmc,0.616033536452321
1,tau,effsize,mcmc,426.556578646339
1,log_tau,mean,mcmc,1.25280233618986
1,log_tau,sd,mcmc,0.171712163610951
2,mu,mean,truth,0.55740207152122
2,tau,mean,truth,2.17693833989215
2,log_tau,mean,truth,0.777919458420956
2,mu,mean,mfvb,0.475161968114934
2,tau,mean,mfvb,2.08349535840688
2,log_tau,mean,mfvb,0.732061504856058
2,mu,sd,mfvb,0.0320685011491094
2,tau,sd,mfvb,0.131247870859571
2,log_tau,sd,mfvb,0.0630566245743312
2,mu,sd,lrvb,0.0517773873533875
2,tau,sd,lrvb,0.280239539745651
2,log_tau,sd,lrvb,0.134533822517527
2,mu,mean,mcmc,0.474250499874679
2,mu,sd,mcmc,0.0515260924025864
2,mu,effsize,mcmc,1450.93922982024
2,tau,mean,mcmc,1.98578224883013
2,tau,sd,mcmc,0.279067550838011
2,tau,effsize,mcmc,664.035127411421
2,log_tau,mean,mcmc,0.676314842788293
2,log_tau,sd,mcmc,0.139047226422708
3,mu,mean,truth,2.78772735178398
3,tau,mean,truth,1.65200753716325
3,log_tau,mean,truth,0.501991237535864
3,mu,mean,mfvb,2.7608111599331
3,tau,mean,mfvb,1.75853135154347
3,log_tau,mean,mfvb,0.562493562109391
3,mu,sd,mfvb,0.0349056513283728
3,tau,sd,mfvb,0.110777062592722
3,log_tau,sd,mfvb,0.0630566245743312
3,mu,sd,lrvb,0.0492486271306806
3,tau,sd,lrvb,0.189004780767333
3,log_tau,sd,lrvb,0.107515437094413
3,mu,mean,mcmc,2.75873023467777
3,mu,sd,mcmc,0.0494265557404507
3,mu,effsize,mcmc,1221.94002632726
3,tau,mean,mcmc,1.72103208774313
3,tau,sd,mcmc,0.180922830503484
3,tau,effsize,mcmc,1124.27051119227
3,log_tau,mean,mcmc,0.537409629223021
3,log_tau,sd,mcmc,0.105157698839354
4,mu,mean,truth,0.821052161368292
4,tau,mean,truth,2.2064898098455
4,log_tau,mean,truth,0.791402931473201
4,mu,mean,mfvb,0.859443241480434
4,tau,mean,mfvb,2.73390469078886
4,log_tau,mean,mfvb,1.00374543773778
4,mu,sd,mfvb,0.0279955212606636
4,tau,sd,mfvb,0.172219807618578
4,log_tau,sd,mfvb,0.0630566245743312
4,mu,sd,lrvb,0.0466133321593124
4,tau,sd,lrvb,0.41645997034182
4,log_tau,sd,lrvb,0.152357436777444
4,mu,mean,mcmc,0.860056612904878
4,mu,sd,mcmc,0.0481185665715443
4,mu,effsize,mcmc,1098.37683760895
4,tau,mean,mcmc,2.7120147328628
4,tau,sd,mcmc,0.43698822877592
4,tau,effsize,mcmc,481.697782915488
4,log_tau,mean,mcmc,0.985094083300246
4,log_tau,sd,mcmc,0.158112961497248
5,mu,mean,truth,2.5573257418504
5,tau,mean,truth,5.23190648556598
5,log_tau,mean,truth,1.65477574044126
5,mu,mean,mfvb,2.59952387045661
5,tau,mean,mfvb,5.13028781334857
5,log_tau,mean,mfvb,1.63317632234013
5,mu,sd,mfvb,0.0204370086156598
5,tau,sd,mfvb,0.323177754959648
5,log_tau,sd,mfvb,0.0630566245743312
5,mu,sd,lrvb,0.0306626972700925
5,tau,sd,lrvb,0.723431489422592
5,log_tau,sd,lrvb,0.141039824277993
5,mu,mean,mcmc,2.5996485417576
5,mu,sd,mcmc,0.0311996232197668
5,mu,effsize,mcmc,1084.54781754983
5,tau,mean,mcmc,5.22331849171939
5,tau,sd,mcmc,0.777334828681992
5,tau,effsize,mcmc,711.599760680992
5,log_tau,mean,mcmc,1.64223493895366
5,log_tau,sd,mcmc,0.147505526723452
6,mu,mean,truth,0.624215247144917
6,tau,mean,truth,4.77880056182546
6,log_tau,mean,truth,1.56418958652715
6,mu,mean,mfvb,0.658621633541503
6,tau,mean,mfvb,4.03125599450778
6,log_tau,mean,mfvb,1.39209254933516
6,mu,sd,mfvb,0.0230544111492098
6,tau,sd,mfvb,0.25394525792157
6,log_tau,sd,mfvb,0.0630566245743312
6,mu,sd,lrvb,0.0443540630469305
6,tau,sd,lrvb,0.749977249446454
6,log_tau,sd,lrvb,0.186061778977184
6,mu,mean,mcmc,0.65622748822872
6,mu,sd,mcmc,0.0439043527771618
6,mu,effsize,mcmc,790.140860846112
6,tau,mean,mcmc,4.07286729121097
6,tau,sd,mcmc,0.870267482116161
6,tau,effsize,mcmc,261.150870888621
6,log_tau,mean,mcmc,1.38245163446538
6,log_tau,sd,mcmc,0.208202506453561
7,mu,mean,truth,2.68566395974537
7,tau,mean,truth,1.2313727117959
7,log_tau,mean,truth,0.20812957294076
7,mu,mean,mfvb,2.72284385261907
7,tau,mean,mfvb,1.34133392153079
7,log_tau,mean,mfvb,0.291679143410862
7,mu,sd,mfvb,0.0399663163003394
7,tau,sd,mfvb,0.0844960947967962
7,log_tau,sd,mfvb,0.0630566245743312
7,mu,sd,lrvb,0.0556686211750401
7,tau,sd,lrvb,0.138566101939043
7,log_tau,sd,lrvb,0.103342854263301
7,mu,mean,mcmc,2.72250291186045
7,mu,sd,mcmc,0.0572677997229088
7,mu,effsize,mcmc,1014.06973774822
7,tau,mean,mcmc,1.29699518577783
7,tau,sd,mcmc,0.137850214082674
7,tau,effsize,mcmc,1055.30239644336
7,log_tau,mean,mcmc,0.254439002464499
7,log_tau,sd,mcmc,0.105952982460236
8,mu,mean,truth,2.31437368144769
8,tau,mean,truth,2.62703845821323
8,log_tau,mean,truth,0.965857150190167
8,mu,mean,mfvb,2.28063808509844
8,tau,mean,mfvb,2.94723478377649
8,log_tau,mean,mfvb,1.07888193008672
8,mu,sd,mfvb,0.0269633660772928
8,tau,sd,mfvb,0.185658340314095
8,log_tau,sd,mfvb,0.0630566245743312
8,mu,sd,lrvb,0.039516552980901
8,tau,sd,lrvb,0.377023829490819
8,log_tau,sd,lrvb,0.127955410609192
8,mu,mean,mcmc,2.27970823869169
8,mu,sd,mcmc,0.0397860059256503
8,mu,effsize,mcmc,1242.4767844347
8,tau,mean,mcmc,2.9228080885059
8,tau,sd,mcmc,0.383737271877268
8,tau,effsize,mcmc,748.970139772278
8,log_tau,mean,mcmc,1.06401588807021
8,log_tau,sd,mcmc,0.130598160524065
9,mu,mean,truth,2.43753414785419
9,tau,mean,truth,3.49367002450365
9,log_tau,mean,truth,1.25095276664063
9,mu,mean,mfvb,2.45764207031617
9,tau,mean,mfvb,3.35154028488429
9,log_tau,mean,mfvb,1.2074345874648
9,mu,sd,mfvb,0.0252848951859813
9,tau,sd,mfvb,0.21112719292425
9,log_tau,sd,mfvb,0.0630566245743312
9,mu,sd,lrvb,0.0370125966333974
9,tau,sd,lrvb,0.425399158947296
9,log_tau,sd,lrvb,0.126957517783363
9,mu,mean,mcmc,2.45633361190731
9,mu,sd,mcmc,0.0365348259777741
9,mu,effsize,mcmc,1252.79518171694
9,tau,mean,mcmc,3.37678043733358
9,tau,sd,mcmc,0.442544393458198
9,tau,effsize,mcmc,839.522652649666
9,log_tau,mean,mcmc,1.20841611864137
9,log_tau,sd,mcmc,0.13048721237921
10,mu,mean,truth,2.17426992194201
10,tau,mean,truth,6.69532141100172
10,log_tau,mean,truth,1.90140898560869
10,mu,mean,mfvb,2.19870221599171
10,tau,mean,mfvb,6.23546937357664
10,log_tau,mean,mfvb,1.82826841750854
10,mu,sd,mfvb,0.0185376730381876
10,tau,sd,mfvb,0.392797649291514
10,log_tau,sd,mfvb,0.0630566245743312
10,mu,sd,lrvb,0.0288789261698678
10,tau,sd,lrvb,0.945762537001709
10,log_tau,sd,lrvb,0.151700621713201
10,mu,mean,mcmc,2.19860483746796
10,mu,sd,mcmc,0.0288336069086306
10,mu,effsize,mcmc,1184.3384753387
10,tau,mean,mcmc,6.54423550942418
10,tau,sd,mcmc,1.04722579300012
10,tau,effsize,mcmc,534.285596992496
10,log_tau,mean,mcmc,1.86588323558784
10,log_tau,sd,mcmc,0.159589072190867
11,mu,mean,truth,2.08082682770269
11,tau,mean,truth,1.14837017633068
11,log_tau,mean,truth,0.138343699170222
11,mu,mean,mfvb,2.01732767722613
11,tau,mean,mfvb,1.22242951658513
11,log_tau,mean,mfvb,0.198854846324327
11,mu,sd,mfvb,0.0418646329040282
11,tau,sd,mfvb,0.0770058213378372
11,log_tau,sd,mfvb,0.0630566245743312
11,mu,sd,lrvb,0.0580594720397539
11,tau,sd,lrvb,0.127175071904895
11,log_tau,sd,lrvb,0.104072570805431
11,mu,mean,mcmc,2.01147462499797
11,mu,sd,mcmc,0.0599863438621363
11,mu,effsize,mcmc,1290.53437259267
11,tau,mean,mcmc,1.17565506166103
11,tau,sd,mcmc,0.127867674104903
11,tau,effsize,mcmc,948.064374888717
11,log_tau,mean,mcmc,0.155885744654398
11,log_tau,sd,mcmc,0.109291967235084
12,mu,mean,truth,1.14601207612683
12,tau,mean,truth,3.76085312785556
12,log_tau,mean,truth,1.32464582737113
12,mu,mean,mfvb,1.13359863629265
12,tau,mean,mfvb,4.1335622185607
12,log_tau,mean,mfvb,1.41715411863259
12,mu,sd,mfvb,0.0227679509001239
12,tau,sd,mfvb,0.260389944264857
12,log_tau,sd,mfvb,0.0630566245743312
12,mu,sd,lrvb,0.0392233108948697
12,tau,sd,lrvb,0.731636242453706
12,log_tau,sd,lrvb,0.177021236666972
12,mu,mean,mcmc,1.1347317333802
12,mu,sd,mcmc,0.0387697852494736
12,mu,effsize,mcmc,996.34932878872
12,tau,mean,mcmc,4.25424300461314
12,tau,sd,mcmc,0.864824065679485
12,tau,effsize,mcmc,300.137160970021
12,log_tau,mean,mcmc,1.42847876341751
12,log_tau,sd,mcmc,0.195252495026227
13,mu,mean,truth,0.616116459528349
13,tau,mean,truth,1.35088539096342
13,log_tau,mean,truth,0.300760222635976
13,mu,mean,mfvb,0.639385742856172
13,tau,mean,mfvb,1.8141831098662
13,log_tau,mean,mfvb,0.593649849957602
13,mu,sd,mfvb,0.0343661638099988
13,tau,sd,mfvb,0.114282793843803
13,log_tau,sd,mfvb,0.0630566245743312
13,mu,sd,lrvb,0.0526884468306117
13,tau,sd,lrvb,0.226863867787113
13,log_tau,sd,lrvb,0.125081667890118
13,mu,mean,mcmc,0.639150502403106
13,mu,sd,mcmc,0.0537658806467214
13,mu,effsize,mcmc,1613.51909956845
13,tau,mean,mcmc,1.72704583994203
13,tau,sd,mcmc,0.227924367659788
13,tau,effsize,mcmc,640.829869584437
13,log_tau,mean,mcmc,0.537869938962223
13,log_tau,sd,mcmc,0.130435257735553
14,mu,mean,truth,1.7938298834857
14,tau,mean,truth,1.64277412985271
14,log_tau,mean,truth,0.496386355382354
14,mu,mean,mfvb,1.79047061949374
14,tau,mean,mfvb,1.8987887212488
14,log_tau,mean,mfvb,0.639230728505646
14,mu,sd,mfvb,0.0335918897747049
14,tau,sd,mfvb,0.119612446397111
14,log_tau,sd,mfvb,0.0630566245743312
14,mu,sd,lrvb,0.0485789893244293
14,tau,sd,lrvb,0.22667293245069
14,log_tau,sd,lrvb,0.11941066486913
14,mu,mean,mcmc,1.78941773622039
14,mu,sd,mcmc,0.049152162592323
14,mu,effsize,mcmc,1208.73988302339
14,tau,mean,mcmc,1.84301630355927
14,tau,sd,mcmc,0.230855486883954
14,tau,effsize,mcmc,802.212450577638
14,log_tau,mean,mcmc,0.603644852066573
14,log_tau,sd,mcmc,0.124571083626242
15,mu,mean,truth,0.814379492173188
15,tau,mean,truth,1.15664649279574
15,log_tau,mean,truth,0.145524863751589
15,mu,mean,mfvb,0.789831867044565
15,tau,mean,mfvb,1.38088050987501
15,log_tau,mean,mfvb,0.320735907100062
15,mu,sd,mfvb,0.0393899580606308
15,tau,sd,mfvb,0.0869872957006039
15,log_tau,sd,mfvb,0.0630566245743312
15,mu,sd,lrvb,0.0578206632285204
15,tau,sd,lrvb,0.155529460943456
15,log_tau,sd,lrvb,0.112665637505159
15,mu,mean,mcmc,0.788429535675243
15,mu,sd,mcmc,0.0586677160380797
15,mu,effsize,mcmc,1328.99338307555
15,tau,mean,mcmc,1.30332596763625
15,tau,sd,mcmc,0.152871517901432
15,tau,effsize,mcmc,948.375069337961
15,log_tau,mean,mcmc,0.258110650416592
15,log_tau,sd,mcmc,0.116642589806495
16,mu,mean,truth,1.41812093077275
16,tau,mean,truth,1.08967359177036
16,log_tau,mean,truth,0.0858781943034091
16,mu,mean,mfvb,1.37121428523355
16,tau,mean,mfvb,1.37837456533089
16,log_tau,mean,mfvb,0.318919514512349
16,mu,sd,mfvb,0.0394257425636549
16,tau,sd,mfvb,0.086829436032436
16,log_tau,sd,mfvb,0.0630566245743312
16,mu,sd,lrvb,0.0560772504738389
16,tau,sd,lrvb,0.148719498338312
16,log_tau,sd,lrvb,0.107931365571302
16,mu,mean,mcmc,1.3684556147481
16,mu,sd,mcmc,0.0590521161875929
16,mu,effsize,mcmc,1244.37550506808
16,tau,mean,mcmc,1.31308831031161
16,tau,sd,mcmc,0.149666689862
16,tau,effsize,mcmc,1040.4955324491
16,log_tau,mean,mcmc,0.265920199940558
16,log_tau,sd,mcmc,0.113770101758564
17,mu,mean,truth,1.08201552569548
17,tau,mean,truth,1.09641855932329
17,log_tau,mean,truth,0.0920490128144381
17,mu,mean,mfvb,1.05143124137449
17,tau,mean,mfvb,1.20183342870448
17,log_tau,mean,mfvb,0.181862808825925
17,mu,sd,mfvb,0.0422217674341127
17,tau,sd,mfvb,0.0757083897541935
17,log_tau,sd,mfvb,0.0630566245743312
17,mu,sd,lrvb,0.0592657883496813
17,tau,sd,lrvb,0.133550442430065
17,log_tau,sd,lrvb,0.111157724899096
17,mu,mean,mcmc,1.05026585625179
17,mu,sd,mcmc,0.0590656029848968
17,mu,effsize,mcmc,1429.44225945183
17,tau,mean,mcmc,1.13091615513367
17,tau,sd,mcmc,0.130835878070732
17,tau,effsize,mcmc,1036.32881969409
17,log_tau,mean,mcmc,0.11639621684968
17,log_tau,sd,mcmc,0.115139268376197
18,mu,mean,truth,1.84917880261861
18,tau,mean,truth,2.8023919514408
18,log_tau,mean,truth,1.03047332087332
18,mu,mean,mfvb,1.8283011855791
18,tau,mean,mfvb,3.20161210825418
18,log_tau,mean,mfvb,1.16166902754328
18,mu,sd,mfvb,0.0258701157953108
18,tau,sd,mfvb,0.201682605546042
18,log_tau,sd,mfvb,0.0630566245743312
18,mu,sd,lrvb,0.0392594488869628
18,tau,sd,lrvb,0.431315546169095
18,log_tau,sd,lrvb,0.134747496958298
18,mu,mean,mcmc,1.82747912348552
18,mu,sd,mcmc,0.0399912802355021
18,mu,effsize,mcmc,1300.99854046877
18,tau,mean,mcmc,3.1823035010355
18,tau,sd,mcmc,0.457375064973866
18,tau,effsize,mcmc,822.456809474862
18,log_tau,mean,mcmc,1.14750893915285
18,log_tau,sd,mcmc,0.141756553339386
19,mu,mean,truth,1.17421496639914
19,tau,mean,truth,1.34028177655161
19,log_tau,mean,truth,0.29287987286553
19,mu,mean,mfvb,1.1484949407211
19,tau,mean,mfvb,1.25883110686904
19,log_tau,mean,mfvb,0.228198158193523
19,mu,sd,mfvb,0.0412549978395528
19,tau,sd,mfvb,0.0792989059858967
19,log_tau,sd,mfvb,0.0630566245743312
19,mu,sd,lrvb,0.0579426347467384
19,tau,sd,lrvb,0.136770961137692
19,log_tau,sd,lrvb,0.108685450486485
19,mu,mean,mcmc,1.14438052941927
19,mu,sd,mcmc,0.0580205780882981
19,mu,effsize,mcmc,1320.57109086383
19,tau,mean,mcmc,1.19842636364961
19,tau,sd,mcmc,0.135978598504924
19,tau,effsize,mcmc,760.446105858321
19,log_tau,mean,mcmc,0.17463481058124
19,log_tau,sd,mcmc,0.112873166576421
20,mu,mean,truth,2.49039214851878
20,tau,mean,truth,9.37848023907334
20,log_tau,mean,truth,2.23841772847049
20,mu,mean,mfvb,2.47371126461274
20,tau,mean,mfvb,8.7248168405522
20,log_tau,mean,mfvb,2.16418603614593
20,mu,sd,mfvb,0.0156716145505049
20,tau,sd,mfvb,0.549611799873579
20,log_tau,sd,mfvb,0.0630566245743312
20,mu,sd,lrvb,0.0245972908837076
20,tau,sd,lrvb,1.31641651204366
20,log_tau,sd,lrvb,0.150907974638023
20,mu,mean,mcmc,2.47490798339598
20,mu,sd,mcmc,0.0236391082480136
20,mu,effsize,mcmc,1249.36888873707
20,tau,mean,mcmc,9.60872238304522
20,tau,sd,mcmc,1.52408866686054
20,tau,effsize,mcmc,538.29441707184
20,log_tau,mean,mcmc,2.25035760628804
20,log_tau,sd,mcmc,0.156626648754365
21,mu,mean,truth,2.46461679109029
21,tau,mean,truth,4.08152192206666
21,log_tau,mean,truth,1.40646993897574
21,mu,mean,mfvb,2.44149108175414
21,tau,mean,mfvb,4.40817558602793
21,log_tau,mean,mfvb,1.48147546531283
21,mu,sd,mfvb,0.0220473940810439
21,tau,sd,mfvb,0.277688960384207
21,log_tau,sd,mfvb,0.0630566245743312
21,mu,sd,lrvb,0.0330609915974423
21,tau,sd,lrvb,0.616744681888027
21,log_tau,sd,lrvb,0.139937454492059
21,mu,mean,mcmc,2.44194702689762
21,mu,sd,mcmc,0.0335107643334566
21,mu,effsize,mcmc,1105.58193833193
21,tau,mean,mcmc,4.50393912013675
21,tau,sd,mcmc,0.644087261823354
21,tau,effsize,mcmc,545.216994688368
21,log_tau,mean,mcmc,1.49483670745182
21,log_tau,sd,mcmc,0.142282105651028
22,mu,mean,truth,1.78182131473628
22,tau,mean,truth,3.70795444277564
22,log_tau,mean,truth,1.31048036142954
22,mu,mean,mfvb,1.74049392190303
22,tau,mean,mfvb,3.1080712043308
22,log_tau,mean,mfvb,1.13201690302396
22,mu,sd,mfvb,0.0262564986858851
22,tau,sd,mfvb,0.195790082470005
22,log_tau,sd,mfvb,0.0630566245743312
22,mu,sd,lrvb,0.0404794878275197
22,tau,sd,lrvb,0.451851247560754
22,log_tau,sd,lrvb,0.145407066030435
22,mu,mean,mcmc,1.74068991273981
22,mu,sd,mcmc,0.0404236887395249
22,mu,effsize,mcmc,1079.32477468611
22,tau,mean,mcmc,3.11047383749062
22,tau,sd,mcmc,0.459233607316749
22,tau,effsize,mcmc,684.799137790502
22,log_tau,mean,mcmc,1.12402720842379
22,log_tau,sd,mcmc,0.146552432365732
23,mu,mean,truth,2.71729704816576
23,tau,mean,truth,1.25242219898191
23,log_tau,mean,truth,0.225079435466257
23,mu,mean,mfvb,2.70594095132947
23,tau,mean,mfvb,1.15711967404291
23,log_tau,mean,mfvb,0.14394843840929
23,mu,sd,mfvb,0.0430296599809163
23,tau,sd,mfvb,0.0728916879680406
23,log_tau,sd,mfvb,0.0630566245743312
23,mu,sd,lrvb,0.0595187980499429
23,tau,sd,lrvb,0.116840833168856
23,log_tau,sd,lrvb,0.101014613824775
23,mu,mean,mcmc,2.70646308173918
23,mu,sd,mcmc,0.0605179406374415
23,mu,effsize,mcmc,1309.22344636619
23,tau,mean,mcmc,1.11560802775812
23,tau,sd,mcmc,0.113846756463771
23,tau,effsize,mcmc,1148.8412046802
23,log_tau,mean,mcmc,0.10420842049387
23,log_tau,sd,mcmc,0.101994757492825
24,mu,mean,truth,2.64282644300016
24,tau,mean,truth,2.31965218695571
24,log_tau,mean,truth,0.841417255023539
24,mu,mean,mfvb,2.55904110596442
24,tau,mean,mfvb,2.07699424100073
24,log_tau,mean,mfvb,0.728936332905968
24,mu,sd,mfvb,0.0321186449407027
24,tau,sd,mfvb,0.130838338957174
24,log_tau,sd,mfvb,0.0630566245743312
24,mu,sd,lrvb,0.0457701278178715
24,tau,sd,lrvb,0.235614376844088
24,log_tau,sd,lrvb,0.113474816305253
24,mu,mean,mcmc,2.55743420299924
24,mu,sd,mcmc,0.0459266521546635
24,mu,effsize,mcmc,1334.08587753856
24,tau,mean,mcmc,2.0251998307436
24,tau,sd,mcmc,0.231688104561909
24,tau,effsize,mcmc,915.527771011641
24,log_tau,mean,mcmc,0.699160937018416
24,log_tau,sd,mcmc,0.114135530166438
25,mu,mean,truth,2.66487597556648
25,tau,mean,truth,1.8960145329172
25,log_tau,mean,truth,0.63975406884417
25,mu,mean,mfvb,2.66691019139128
25,tau,mean,mfvb,1.85536206686093
25,log_tau,mean,mfvb,0.616094422069671
25,mu,sd,mfvb,0.0339826973875012
25,tau,sd,mfvb,0.116876824307066
25,log_tau,sd,mfvb,0.0630566245743312
25,mu,sd,lrvb,0.0479085751992508
25,tau,sd,lrvb,0.203684285676137
25,log_tau,sd,lrvb,0.109817323358064
25,mu,mean,mcmc,2.66584387524713
25,mu,sd,mcmc,0.0480316332483373
25,mu,effsize,mcmc,1447.11591207696
25,tau,mean,mcmc,1.80812569018513
25,tau,sd,mcmc,0.206381122995538
25,tau,effsize,mcmc,660.334891154454
25,log_tau,mean,mcmc,0.585843477974777
25,log_tau,sd,mcmc,0.113485737061005
26,mu,mean,truth,1.53905588064818
26,tau,mean,truth,1.12595233442498
26,log_tau,mean,truth,0.11862919704971
26,mu,mean,mfvb,1.56009588585883
26,tau,mean,mfvb,1.30123962662994
26,log_tau,mean,mfvb,0.261331929829719
26,mu,sd,mfvb,0.0405772738631125
26,tau,sd,mfvb,0.0819703916229851
26,log_tau,sd,mfvb,0.0630566245743312
26,mu,sd,lrvb,0.0570662432738878
26,tau,sd,lrvb,0.137519506108684
26,log_tau,sd,lrvb,0.105720753235048
26,mu,mean,mcmc,1.56138189997459
26,mu,sd,mcmc,0.0599022837658621
26,mu,effsize,mcmc,1365.24601323997
26,tau,mean,mcmc,1.24832460577206
26,tau,sd,mcmc,0.12857423437856
26,tau,effsize,mcmc,1188.1562187644
26,log_tau,mean,mcmc,0.216501120945546
26,log_tau,sd,mcmc,0.10311451539473
27,mu,mean,truth,1.79467155081869
27,tau,mean,truth,1.91904064005928
27,log_tau,mean,truth,0.651825394528927
27,mu,mean,mfvb,1.80639684695367
27,tau,mean,mfvb,1.94441378452473
27,log_tau,mean,mfvb,0.662975096274867
27,mu,sd,mfvb,0.0331954826562215
27,tau,sd,mfvb,0.122486555229962
27,log_tau,sd,mfvb,0.0630566245743312
27,mu,sd,lrvb,0.0481719009741647
27,tau,sd,lrvb,0.228156420448964
27,log_tau,sd,lrvb,0.117373027618914
27,mu,mean,mcmc,1.80582439301584
27,mu,sd,mcmc,0.0500081620892858
27,mu,effsize,mcmc,1574.08193929827
27,tau,mean,mcmc,1.89253112624956
27,tau,sd,mcmc,0.21506750370036
27,tau,effsize,mcmc,956.680401076571
27,log_tau,mean,mcmc,0.631480917223562
27,log_tau,sd,mcmc,0.113553497074929
28,mu,mean,truth,1.29896105377955
28,tau,mean,truth,1.23875202904757
28,log_tau,mean,truth,0.214104444640593
28,mu,mean,mfvb,1.3920237454635
28,tau,mean,mfvb,1.39911952739711
28,log_tau,mean,mfvb,0.333857690537565
28,mu,sd,mfvb,0.0391324103115764
28,tau,sd,mfvb,0.0881362458082611
28,log_tau,sd,mfvb,0.0630566245743312
28,mu,sd,lrvb,0.055964588841784
28,tau,sd,lrvb,0.156267664036173
28,log_tau,sd,lrvb,0.11172529112277
28,mu,mean,mcmc,1.39298416383223
28,mu,sd,mcmc,0.0569835805492748
28,mu,effsize,mcmc,1406.28472754912
28,tau,mean,mcmc,1.34358728631423
28,tau,sd,mcmc,0.154245020414282
28,tau,effsize,mcmc,939.108784998722
28,log_tau,mean,mcmc,0.288772216206921
28,log_tau,sd,mcmc,0.11479614106869
29,mu,mean,truth,2.27721574152998
29,tau,mean,truth,5.64764712530048
29,log_tau,mean,truth,1.73123902042405
29,mu,mean,mfvb,2.25482438813275
29,tau,mean,mfvb,7.00483855177737
29,log_tau,mean,mfvb,1.94461569271876
29,mu,sd,mfvb,0.0174901304289171
29,tau,sd,mfvb,0.441263351956234
29,log_tau,sd,mfvb,0.0630566245743312
29,mu,sd,lrvb,0.0275441926534878
29,tau,sd,lrvb,1.10410478830964
29,log_tau,sd,lrvb,0.15764531217694
29,mu,mean,mcmc,2.25563888273482
29,mu,sd,mcmc,0.0275346243845449
29,mu,effsize,mcmc,1104.77231373591
29,tau,mean,mcmc,7.44028271818223
29,tau,sd,mcmc,1.23794019980078
29,tau,effsize,mcmc,472.170227859263
29,log_tau,mean,mcmc,1.99351261335313
29,log_tau,sd,mcmc,0.16297484714316
30,mu,mean,truth,2.73938808892747
30,tau,mean,truth,5.47164934865698
30,log_tau,mean,truth,1.69958009724668
30,mu,mean,mfvb,2.74499695244498
30,tau,mean,mfvb,4.93697511934394
30,log_tau,mean,mfvb,1.59476738039811
30,mu,sd,mfvb,0.020833266464196
30,tau,sd,mfvb,0.311000199873743
30,log_tau,sd,mfvb,0.0630566245743312
30,mu,sd,lrvb,0.0308861615088617
30,tau,sd,lrvb,0.687138965798603
30,log_tau,sd,lrvb,0.139210500706533
30,mu,mean,mcmc,2.74401659791013
30,mu,sd,mcmc,0.0305111578550924
30,mu,effsize,mcmc,1288.37457545496
30,tau,mean,mcmc,5.09521999902546
30,tau,sd,mcmc,0.731247593528022
30,tau,effsize,mcmc,634.365748859459
30,log_tau,mean,mcmc,1.61809822253065
30,log_tau,sd,mcmc,0.142955828666422
31,mu,mean,truth,1.08984506410289
31,tau,mean,truth,3.30409180384977
31,log_tau,mean,truth,1.19516164094153
31,mu,mean,mfvb,1.1067213949221
31,tau,mean,mfvb,3.05245278168962
31,log_tau,mean,mfvb,1.11396001891377
31,mu,sd,mfvb,0.0264946106698713
31,tau,sd,mfvb,0.192286451169479
31,log_tau,sd,mfvb,0.0630566245743312
31,mu,sd,lrvb,0.0435777575116043
31,tau,sd,lrvb,0.458538449760368
31,log_tau,sd,lrvb,0.150245909127265
31,mu,mean,mcmc,1.10506798215667
31,mu,sd,mcmc,0.0435072185440185
31,mu,effsize,mcmc,1189.73821589121
31,tau,mean,mcmc,3.01535293885226
31,tau,sd,mcmc,0.471110653820801
31,tau,effsize,mcmc,493.038269755487
31,log_tau,mean,mcmc,1.09190114497954
31,log_tau,sd,mcmc,0.153123128447546
32,mu,mean,truth,2.47076490131968
32,tau,mean,truth,7.10215370585617
32,log_tau,mean,truth,1.96039807690232
32,mu,mean,mfvb,2.46634097626762
32,tau,mean,mfvb,7.0871908544959
32,log_tau,mean,mfvb,1.95630361045393
32,mu,sd,mfvb,0.0173881602186659
32,tau,sd,mfvb,0.446451059405885
32,log_tau,sd,mfvb,0.0630566245743312
32,mu,sd,lrvb,0.0267109490128693
32,tau,sd,lrvb,1.00663099480831
32,log_tau,sd,lrvb,0.142063010606085
32,mu,mean,mcmc,2.46605784725917
32,mu,sd,mcmc,0.0272387717276621
32,mu,effsize,mcmc,1266.64958614145
32,tau,mean,mcmc,7.49236754575113
32,tau,sd,mcmc,1.16274714516633
32,tau,effsize,mcmc,581.775700330564
32,log_tau,mean,mcmc,2.00203337661793
32,log_tau,sd,mcmc,0.153841812168517
33,mu,mean,truth,0.265151227274641
33,tau,mean,truth,1.0797652433599
33,log_tau,mean,truth,0.076743650249088
33,mu,mean,mfvb,0.153959821354121
33,tau,mean,mfvb,1.2869976058957
33,log_tau,mean,mfvb,0.250326629156
33,mu,sd,mfvb,0.0408011346932785
33,tau,sd,mfvb,0.0810732286460842
33,log_tau,sd,mfvb,0.0630566245743312
33,mu,sd,lrvb,0.0597450952106731
33,tau,sd,lrvb,0.144632519070565
33,log_tau,sd,lrvb,0.112414860466236
33,mu,mean,mcmc,0.1514804909435
33,mu,sd,mcmc,0.0596272155547931
33,mu,effsize,mcmc,1389.20040947763
33,tau,mean,mcmc,1.2000245257576
33,tau,sd,mcmc,0.142658646942492
33,tau,effsize,mcmc,902.550710179129
33,log_tau,mean,mcmc,0.175340628935276
33,log_tau,sd,mcmc,0.118297193494141
34,mu,mean,truth,1.65870506453068
34,tau,mean,truth,1.8537041915444
34,log_tau,mean,truth,0.61718590292767
34,mu,mean,mfvb,1.6598178965981
34,tau,mean,mfvb,2.17078964014464
34,log_tau,mean,mfvb,0.77310555159287
34,mu,sd,mfvb,0.0314171625032645
34,tau,sd,mfvb,0.136746893725194
34,log_tau,sd,mfvb,0.0630566245743312
34,mu,sd,lrvb,0.046383735915141
34,tau,sd,lrvb,0.26339235509492
34,log_tau,sd,lrvb,0.12136729701736
34,mu,mean,mcmc,1.65873963722443
34,mu,sd,mcmc,0.0471316872959805
34,mu,effsize,mcmc,1048.11207357008
34,tau,mean,mcmc,2.1049921171788
34,tau,sd,mcmc,0.264075108599547
34,tau,effsize,mcmc,905.254781006507
34,log_tau,mean,mcmc,0.736509275909894
34,log_tau,sd,mcmc,0.124924071039101
35,mu,mean,truth,0.753682665394556
35,tau,mean,truth,1.92516788162935
35,log_tau,mean,truth,0.655013175173094
35,mu,mean,mfvb,0.713870386747739
35,tau,mean,mfvb,3.24052606436035
35,log_tau,mean,mfvb,1.17375024293234
35,mu,sd,mfvb,0.0257146113884741
35,tau,sd,mfvb,0.20413395436477
35,log_tau,sd,mfvb,0.0630566245743312
35,mu,sd,lrvb,0.0457189614078414
35,tau,sd,lrvb,0.559659072761138
35,log_tau,sd,lrvb,0.172729063360664
35,mu,mean,mcmc,0.713452070489514
35,mu,sd,mcmc,0.0464717161130652
35,mu,effsize,mcmc,1084.98331095611
35,tau,mean,mcmc,3.23651166796647
35,tau,sd,mcmc,0.647338631718305
35,tau,effsize,mcmc,311.2308558033
35,log_tau,mean,mcmc,1.15575231805194
35,log_tau,sd,mcmc,0.191632230463133
36,mu,mean,truth,2.51511323392629
36,tau,mean,truth,1.92941639415565
36,log_tau,mean,truth,0.657217570740944
36,mu,mean,mfvb,2.54638201059862
36,tau,mean,mfvb,2.14575990953696
36,log_tau,mean,mfvb,0.761508320586161
36,mu,sd,mfvb,0.031599849564341
36,tau,sd,mfvb,0.135170168902079
36,log_tau,sd,mfvb,0.0630566245743312
36,mu,sd,lrvb,0.0451405201373607
36,tau,sd,lrvb,0.247490397395606
36,log_tau,sd,lrvb,0.115373449462379
36,mu,mean,mcmc,2.54586590536483
36,mu,sd,mcmc,0.0457563865470884
36,mu,effsize,mcmc,1397.47004123923
36,tau,mean,mcmc,2.09713361833065
36,tau,sd,mcmc,0.252749585827083
36,tau,effsize,mcmc,870.821029423616
36,log_tau,mean,mcmc,0.733308924550524
36,log_tau,sd,mcmc,0.120773302645448
37,mu,mean,truth,0.618014535469001
37,tau,mean,truth,4.54643068848076
37,log_tau,mean,truth,1.51434246103975
37,mu,mean,mfvb,0.630187018247439
37,tau,mean,mfvb,4.84886245332277
37,log_tau,mean,mfvb,1.57675869249724
37,mu,sd,mfvb,0.0210222930219018
37,tau,sd,mfvb,0.305449623644062
37,log_tau,sd,mfvb,0.0630566245743312
37,mu,sd,lrvb,0.0429274653308401
37,tau,sd,lrvb,1.01079417762926
37,log_tau,sd,lrvb,0.208478973140267
37,mu,mean,mcmc,0.630609816079632
37,mu,sd,mcmc,0.043572789612289
37,mu,effsize,mcmc,852.722388355134
37,tau,mean,mcmc,5.26253308141628
37,tau,sd,mcmc,1.30304687570817
37,tau,effsize,mcmc,213.080453570543
37,log_tau,mean,mcmc,1.63218355404363
37,log_tau,sd,mcmc,0.236031356859632
38,mu,mean,truth,2.08129900388086
38,tau,mean,truth,1.94952592687279
38,log_tau,mean,truth,0.667586228594343
38,mu,mean,mfvb,2.11852955216936
38,tau,mean,mfvb,2.90115308027184
38,log_tau,mean,mfvb,1.06312283261646
38,mu,sd,mfvb,0.0271766487865827
38,tau,sd,mfvb,0.182755465850676
38,log_tau,sd,mfvb,0.0630566245743312
38,mu,sd,lrvb,0.0401152041668925
38,tau,sd,lrvb,0.37759643697332
38,log_tau,sd,lrvb,0.130184200359728
38,mu,mean,mcmc,2.11853946610133
38,mu,sd,mcmc,0.0402922651626024
38,mu,effsize,mcmc,1300.59887388212
38,tau,mean,mcmc,2.89823373797934
38,tau,sd,mcmc,0.38344071421317
38,tau,effsize,mcmc,688.980225460515
38,log_tau,mean,mcmc,1.05544811876552
38,log_tau,sd,mcmc,0.131507889224621
39,mu,mean,truth,2.39432995012015
39,tau,mean,truth,2.23505172064592
39,log_tau,mean,truth,0.804264369026377
39,mu,mean,mfvb,2.4408214030044
39,tau,mean,mfvb,2.52446840567524
39,log_tau,mean,mfvb,0.92404506892106
39,mu,sd,mfvb,0.029133580435728
39,tau,sd,mfvb,0.159026561763246
39,log_tau,sd,mfvb,0.0630566245743312
39,mu,sd,lrvb,0.0422335935351369
39,tau,sd,lrvb,0.305303125206458
39,log_tau,sd,lrvb,0.120970180738684
39,mu,mean,mcmc,2.43827053188619
39,mu,sd,mcmc,0.042875988196581
39,mu,effsize,mcmc,1300.14704547378
39,tau,mean,mcmc,2.49030755976985
39,tau,sd,mcmc,0.311747481920562
39,tau,effsize,mcmc,854.400032487083
39,log_tau,mean,mcmc,0.904661501690815
39,log_tau,sd,mcmc,0.124368341374024
40,mu,mean,truth,1.58660581919053
40,tau,mean,truth,1.70988956035767
40,log_tau,mean,truth,0.536428783842735
40,mu,mean,mfvb,1.57284052151157
40,tau,mean,mfvb,1.8673052119773
40,log_tau,mean,mfvb,0.622510889187335
40,mu,sd,mfvb,0.0338738601682565
40,tau,sd,mfvb,0.117629171732065
40,log_tau,sd,mfvb,0.0630566245743312
40,mu,sd,lrvb,0.0494782372565111
40,tau,sd,lrvb,0.217418019833921
40,log_tau,sd,lrvb,0.116467960523485
40,mu,mean,mcmc,1.57251831912464
40,mu,sd,mcmc,0.052090928741566
40,mu,effsize,mcmc,1247.5723754576
40,tau,mean,mcmc,1.81718850772458
40,tau,sd,mcmc,0.211917018789521
40,tau,effsize,mcmc,954.900770060555
40,log_tau,mean,mcmc,0.590562634124209
40,log_tau,sd,mcmc,0.115932929455829
41,mu,mean,truth,2.94408597121811
41,tau,mean,truth,10.8528795699745
41,log_tau,mean,truth,2.38443044292894
41,mu,mean,mfvb,2.93872834390827
41,tau,mean,mfvb,10.6675605746481
41,log_tau,mean,mfvb,2.36522197525817
41,mu,sd,mfvb,0.0141729528426103
41,tau,sd,mfvb,0.671993151815177
41,log_tau,sd,mfvb,0.0630566245743312
41,mu,sd,lrvb,0.0216845655142016
41,tau,sd,lrvb,1.57607176971293
41,log_tau,sd,lrvb,0.147771025455437
41,mu,mean,mcmc,2.9398950469885
41,mu,sd,mcmc,0.0205527016741939
41,mu,effsize,mcmc,1227.8401925135
41,tau,mean,mcmc,11.9157850594766
41,tau,sd,mcmc,1.81341010991317
41,tau,effsize,mcmc,602.1997569365
41,log_tau,mean,mcmc,2.46641160540709
41,log_tau,sd,mcmc,0.15139568324572
42,mu,mean,truth,2.24851140348633
42,tau,mean,truth,1.86270826175155
42,log_tau,mean,truth,0.622031483410459
42,mu,mean,mfvb,2.23337224965841
42,tau,mean,mfvb,1.7944251635915
42,log_tau,mean,mfvb,0.582699288291592
42,mu,sd,mfvb,0.0345548218082906
42,tau,sd,mfvb,0.11303816021856
42,log_tau,sd,mfvb,0.0630566245743312
42,mu,sd,lrvb,0.0491125676013768
42,tau,sd,lrvb,0.196973591175236
42,log_tau,sd,lrvb,0.109805649553906
42,mu,mean,mcmc,2.23227705034243
42,mu,sd,mcmc,0.0496930646154881
42,mu,effsize,mcmc,1319.09540016951
42,tau,mean,mcmc,1.73683367101652
42,tau,sd,mcmc,0.202896588073706
42,tau,effsize,mcmc,744.860250990952
42,log_tau,mean,mcmc,0.545277940099306
42,log_tau,sd,mcmc,0.116582808275198
43,mu,mean,truth,0.178675968769771
43,tau,mean,truth,10.1989872840289
43,log_tau,mean,truth,2.32228842948154
43,mu,mean,mfvb,0.104946925439944
43,tau,mean,mfvb,6.39656208777426
43,log_tau,mean,mfvb,1.85377523301547
43,mu,sd,mfvb,0.0182919922034906
43,tau,sd,mfvb,0.4029455364294
43,log_tau,sd,mfvb,0.0630566245743312
43,mu,sd,lrvb,0.0476881219236985
43,tau,sd,lrvb,1.51623635329193
43,log_tau,sd,lrvb,0.237055890914071
43,mu,mean,mcmc,0.105219723976162
43,mu,sd,mcmc,0.0485650305993206
43,mu,effsize,mcmc,442.824016523052
43,tau,mean,mcmc,7.71336694339639
43,tau,sd,mcmc,2.42668322258583
43,tau,effsize,mcmc,129.529254820284
43,log_tau,mean,mcmc,1.9978365205226
43,log_tau,sd,mcmc,0.296417196059143
44,mu,mean,truth,1.6513242315808
44,tau,mean,truth,2.33473659959387
44,log_tau,mean,truth,0.847899079444746
44,mu,mean,mfvb,1.63249974292677
44,tau,mean,mfvb,2.51485749867837
44,log_tau,mean,mfvb,0.920230702145815
44,mu,sd,mfvb,0.0291891918005163
44,tau,sd,mfvb,0.158421131530215
44,log_tau,sd,mfvb,0.0630566245743312
44,mu,sd,lrvb,0.0441620935147958
44,tau,sd,lrvb,0.336073472117004
44,log_tau,sd,lrvb,0.133664689670847
44,mu,mean,mcmc,1.63040084926341
44,mu,sd,mcmc,0.045566667315068
44,mu,effsize,mcmc,1152.87860435221
44,tau,mean,mcmc,2.44181503516539
44,tau,sd,mcmc,0.348203604953226
44,tau,effsize,mcmc,840.672695962113
44,log_tau,mean,mcmc,0.88260818186209
44,log_tau,sd,mcmc,0.142639030025817
45,mu,mean,truth,0.274351527296947
45,tau,mean,truth,3.80729425466482
45,log_tau,mean,truth,1.33691876746957
45,mu,mean,mfvb,0.303415944977641
45,tau,mean,mfvb,2.80846575423273
45,log_tau,mean,mfvb,1.03065290006581
45,mu,sd,mfvb,0.0276214280913461
45,tau,sd,mfvb,0.176916713127173
45,log_tau,sd,mfvb,0.0630566245743312
45,mu,sd,lrvb,0.0501504594219021
45,tau,sd,lrvb,0.44827012347617
45,log_tau,sd,lrvb,0.15963857768883
45,mu,mean,mcmc,0.304249097783418
45,mu,sd,mcmc,0.051114053063864
45,mu,effsize,mcmc,962.828250611363
45,tau,mean,mcmc,2.75098098539072
45,tau,sd,mcmc,0.467020957470404
45,tau,effsize,mcmc,428.967040911462
45,log_tau,mean,mcmc,0.997957294670396
45,log_tau,sd,mcmc,0.166762853500711
46,mu,mean,truth,0.847838864646107
46,tau,mean,truth,6.67511242962079
46,log_tau,mean,truth,1.89838604753335
46,mu,mean,mfvb,0.816611560408894
46,tau,mean,mfvb,6.69846044325872
46,log_tau,mean,mfvb,1.89989227616879
46,mu,sd,mfvb,0.0178855713371447
46,tau,sd,mfvb,0.421963345234907
46,log_tau,sd,mfvb,0.0630566245743312
46,mu,sd,lrvb,0.0380075568127571
46,tau,sd,lrvb,1.52493078984845
46,log_tau,sd,lrvb,0.227671236742436
46,mu,mean,mcmc,0.816926129324253
46,mu,sd,mcmc,0.0366366476416577
46,mu,effsize,mcmc,679.502268342783
46,tau,mean,mcmc,8.07378029583338
46,tau,sd,mcmc,2.30731184636187
46,tau,effsize,mcmc,156.869343374357
46,log_tau,mean,mcmc,2.04984547035629
46,log_tau,sd,mcmc,0.277091264331602
47,mu,mean,truth,2.79799976504563
47,tau,mean,truth,2.62975085244703
47,log_tau,mean,truth,0.966889108792352
47,mu,mean,mfvb,2.74934499582608
47,tau,mean,mfvb,2.43220855735685
47,log_tau,mean,mfvb,0.886814276683898
47,mu,sd,mfvb,0.0296809451379452
47,tau,sd,mfvb,0.153214737604981
47,log_tau,sd,mfvb,0.0630566245743312
47,mu,sd,lrvb,0.0423957953747881
47,tau,sd,lrvb,0.272723665322794
47,log_tau,sd,lrvb,0.112165199055997
47,mu,mean,mcmc,2.75043813107671
47,mu,sd,mcmc,0.0433545934227724
47,mu,effsize,mcmc,1281.71880632575
47,tau,mean,mcmc,2.40888571585594
47,tau,sd,mcmc,0.279421737295969
47,tau,effsize,mcmc,1018.99029343459
47,log_tau,mean,mcmc,0.872516227628924
47,log_tau,sd,mcmc,0.115230449715379
48,mu,mean,truth,2.00926152973484
48,tau,mean,truth,8.1543135360884
48,log_tau,mean,truth,2.09854705547145
48,mu,mean,mfvb,2.01211947650726
48,tau,mean,mfvb,8.54502804079284
48,log_tau,mean,mfvb,2.14336415887074
48,mu,sd,mfvb,0.0158356513468861
48,tau,sd,mfvb,0.53828617004792
48,log_tau,sd,mfvb,0.0630566245743312
48,mu,sd,lrvb,0.0261402050553392
48,tau,sd,lrvb,1.48161334284732
48,log_tau,sd,lrvb,0.173411671998987
48,mu,mean,mcmc,2.01487471835519
48,mu,sd,mcmc,0.0263036127459364
48,mu,effsize,mcmc,1110.03867856503
48,tau,mean,mcmc,9.48227440810772
48,tau,sd,mcmc,1.96834392631863
48,tau,effsize,mcmc,355.556255928019
48,log_tau,mean,mcmc,2.2289732558082
48,log_tau,sd,mcmc,0.200834285884128
49,mu,mean,truth,0.370704154814963
49,tau,mean,truth,6.71917499332764
49,log_tau,mean,truth,1.90496537814829
49,mu,mean,mfvb,0.423975485306473
49,tau,mean,mfvb,5.96750048875837
49,log_tau,mean,mfvb,1.78434272189886
49,mu,sd,mfvb,0.018947885440132
49,tau,sd,mfvb,0.375917196235977
49,log_tau,sd,mfvb,0.0630566245743312
49,mu,sd,lrvb,0.0445738452494416
49,tau,sd,lrvb,1.3451918183348
49,log_tau,sd,lrvb,0.225437127643519
49,mu,mean,mcmc,0.425946447574599
49,mu,sd,mcmc,0.0439420201398976
49,mu,effsize,mcmc,615.306773846836
49,tau,mean,mcmc,6.97509693834938
49,tau,sd,mcmc,1.91761815630241
49,tau,effsize,mcmc,179.054869527458
49,log_tau,mean,mcmc,1.90754436757197
49,log_tau,sd,mcmc,0.260657407135784
50,mu,mean,truth,0.247789810344483
50,tau,mean,truth,1.86229722692718
50,log_tau,mean,truth,0.621810793896157
50,mu,mean,mfvb,0.279659792308514
50,tau,mean,mfvb,1.97853650974729
50,log_tau,mean,mfvb,0.680371995683766
50,mu,sd,mfvb,0.0329080168920239
50,tau,sd,mfvb,0.124636084872692
50,log_tau,sd,mfvb,0.0630566245743312
50,mu,sd,lrvb,0.0537538366940936
50,tau,sd,lrvb,0.272550893229993
50,log_tau,sd,lrvb,0.137782398191196
50,mu,mean,mcmc,0.275933021988705
50,mu,sd,mcmc,0.0518497490480957
50,mu,effsize,mcmc,1281.1612549824
50,tau,mean,mcmc,1.87370380826406
50,tau,sd,mcmc,0.287749716763407
50,tau,effsize,mcmc,633.903774071901
50,log_tau,mean,mcmc,0.61644264690651
50,log_tau,sd,mcmc,0.150969187934887
51,mu,mean,truth,1.11369316846073
51,tau,mean,truth,1.22886760936811
51,log_tau,mean,truth,0.20609310254231
51,mu,mean,mfvb,1.13161141350456
51,tau,mean,mfvb,1.24297406044581
51,log_tau,mean,mfvb,0.215521504568475
51,mu,sd,mfvb,0.0415172708767291
51,tau,sd,mfvb,0.0783000059534235
51,log_tau,sd,mfvb,0.0630566245743312
51,mu,sd,lrvb,0.0588938358762805
51,tau,sd,lrvb,0.127524953462536
51,log_tau,sd,lrvb,0.102635047765725
51,mu,mean,mcmc,1.13122352838021
51,mu,sd,mcmc,0.0612571854465256
51,mu,effsize,mcmc,1499.14485400041
51,tau,mean,mcmc,1.19006161802734
51,tau,sd,mcmc,0.124372535585236
51,tau,effsize,mcmc,1100.68952354346
51,log_tau,mean,mcmc,0.168586634743185
51,log_tau,sd,mcmc,0.104089522127141
52,mu,mean,truth,2.37220031324935
52,tau,mean,truth,1.39433545085564
52,log_tau,mean,truth,0.332417922453704
52,mu,mean,mfvb,2.4008457951839
52,tau,mean,mfvb,1.63864864681599
52,log_tau,mean,mfvb,0.491886467085658
52,mu,sd,mfvb,0.036159793902824
52,tau,sd,mfvb,0.103225162040183
52,log_tau,sd,mfvb,0.0630566245743312
52,mu,sd,lrvb,0.0509451825291919
52,tau,sd,lrvb,0.17901729566317
52,log_tau,sd,lrvb,0.109282983741093
52,mu,mean,mcmc,2.40085282248165
52,mu,sd,mcmc,0.0520889768551107
52,mu,effsize,mcmc,1362.2417914753
52,tau,mean,mcmc,1.59114881314656
52,tau,sd,mcmc,0.170546387540362
52,tau,effsize,mcmc,962.740467301219
52,log_tau,mean,mcmc,0.458733120172962
52,log_tau,sd,mcmc,0.107085882121456
53,mu,mean,truth,2.7115944523268
53,tau,mean,truth,1.47405597850685
53,log_tau,mean,truth,0.388017770323401
53,mu,mean,mfvb,2.69492505993987
53,tau,mean,mfvb,1.42078508846859
53,log_tau,mean,mfvb,0.349224158799651
53,mu,sd,mfvb,0.0388329442628977
53,tau,sd,mfvb,0.0895010478704009
53,log_tau,sd,mfvb,0.0630566245743312
53,mu,sd,lrvb,0.0541601037194769
53,tau,sd,lrvb,0.147714456257619
53,log_tau,sd,lrvb,0.104004692627042
53,mu,mean,mcmc,2.69560775589852
53,mu,sd,mcmc,0.0545917720597719
53,mu,effsize,mcmc,1060.98513643079
53,tau,mean,mcmc,1.37802097679078
53,tau,sd,mcmc,0.145180679043166
53,tau,effsize,mcmc,1012.76448448617
53,log_tau,mean,mcmc,0.315061942809275
53,log_tau,sd,mcmc,0.106085619388668
54,mu,mean,truth,0.0569028393273563
54,tau,mean,truth,3.30598910414693
54,log_tau,mean,truth,1.19573570361207
54,mu,mean,mfvb,0.0229486095366428
54,tau,mean,mfvb,3.72546559837715
54,log_tau,mean,mfvb,1.31320639763813
54,mu,sd,mfvb,0.0239825035522095
54,tau,sd,mfvb,0.234682273600771
54,log_tau,sd,mfvb,0.0630566245743312
54,mu,sd,lrvb,0.0494806007007659
54,tau,sd,lrvb,0.721776177704604
54,log_tau,sd,lrvb,0.193761546061153
54,mu,mean,mcmc,0.0222383571518625
54,mu,sd,mcmc,0.0495545602774859
54,mu,effsize,mcmc,843.581079542663
54,tau,mean,mcmc,3.80887637996642
54,tau,sd,mcmc,0.832667281818085
54,tau,effsize,mcmc,268.046201765277
54,log_tau,mean,mcmc,1.314315225288
54,log_tau,sd,mcmc,0.213791055460615
55,mu,mean,truth,2.76271097462727
55,tau,mean,truth,2.23304759859328
55,log_tau,mean,truth,0.803367288615288
55,mu,mean,mfvb,2.76670083480705
55,tau,mean,mfvb,1.88309842927063
55,log_tau,mean,mfvb,0.630933081654817
55,mu,sd,mfvb,0.0337315302408732
55,tau,sd,mfvb,0.118624050907294
55,log_tau,sd,mfvb,0.0630566245743312
55,mu,sd,lrvb,0.0475248222651906
55,tau,sd,lrvb,0.201091718802221
55,log_tau,sd,lrvb,0.106824591045446
55,mu,mean,mcmc,2.76605980361874
55,mu,sd,mcmc,0.0479845951600716
55,mu,effsize,mcmc,1284.22921182611
55,tau,mean,mcmc,1.84746897463085
55,tau,sd,mcmc,0.199223555283855
55,tau,effsize,mcmc,982.913614697087
55,log_tau,mean,mcmc,0.608036721871653
55,log_tau,sd,mcmc,0.107573074367275
56,mu,mean,truth,1.0649140711201
56,tau,mean,truth,2.12553817445833
56,log_tau,mean,truth,0.754025028880469
56,mu,mean,mfvb,1.06836728729692
56,tau,mean,mfvb,1.91290175707711
56,log_tau,mean,mfvb,0.646635894481705
56,mu,sd,mfvb,0.0334677569201632
56,tau,sd,mfvb,0.120501484088679
56,log_tau,sd,mfvb,0.0630566245743312
56,mu,sd,lrvb,0.0508773794191168
56,tau,sd,lrvb,0.241496911889317
56,log_tau,sd,lrvb,0.126277595187305
56,mu,mean,mcmc,1.06572905823554
56,mu,sd,mcmc,0.0521865624370961
56,mu,effsize,mcmc,1382.77732223139
56,tau,mean,mcmc,1.83881161194022
56,tau,sd,mcmc,0.232926799730567
56,tau,effsize,mcmc,659.249452247892
56,log_tau,mean,mcmc,0.60114789410208
56,log_tau,sd,mcmc,0.126385923908999
57,mu,mean,truth,1.1634368566166
57,tau,mean,truth,1.78424273779203
57,log_tau,mean,truth,0.578994088686753
57,mu,mean,mfvb,1.090906541939
57,tau,mean,mfvb,1.70204599093354
57,log_tau,mean,mfvb,0.529845612250827
57,mu,sd,mfvb,0.035480054675683
57,tau,sd,mfvb,0.107218819333444
57,log_tau,sd,mfvb,0.0630566245743312
57,mu,sd,lrvb,0.0529922716879844
57,tau,sd,lrvb,0.210578004386603
57,log_tau,sd,lrvb,0.123752371498568
57,mu,mean,mcmc,1.08737600123213
57,mu,sd,mcmc,0.0548045751773637
57,mu,effsize,mcmc,1278.00255701507
57,tau,mean,mcmc,1.62528912489756
57,tau,sd,mcmc,0.210802982493502
57,tau,effsize,mcmc,769.725461339833
57,log_tau,mean,mcmc,0.477355707641
57,log_tau,sd,mcmc,0.129066200583392
58,mu,mean,truth,0.471580939558838
58,tau,mean,truth,2.48153001389898
58,log_tau,mean,truth,0.908875311035272
58,mu,mean,mfvb,0.478393943830641
58,tau,mean,mfvb,2.53651867856546
58,log_tau,mean,mfvb,0.928807102675189
58,mu,sd,mfvb,0.0290643012658761
58,tau,sd,mfvb,0.159785657603676
58,log_tau,sd,mfvb,0.0630566245743312
58,mu,sd,lrvb,0.0501127683990259
58,tau,sd,lrvb,0.380973128268727
58,log_tau,sd,lrvb,0.150221521395507
58,mu,mean,mcmc,0.4800457148949
58,mu,sd,mcmc,0.05315942065849
58,mu,effsize,mcmc,971.339281111247
58,tau,mean,mcmc,2.44615345236226
58,tau,sd,mcmc,0.37749761856151
58,tau,effsize,mcmc,550.995212858455
58,log_tau,mean,mcmc,0.882773166301072
58,log_tau,sd,mcmc,0.153273023601511
59,mu,mean,truth,0.455071730773021
59,tau,mean,truth,1.79743129043366
59,log_tau,mean,truth,0.586358584810792
59,mu,mean,mfvb,0.374122997451649
59,tau,mean,mfvb,1.88637837296259
59,log_tau,mean,mfvb,0.632673346785404
59,mu,sd,mfvb,0.0337021954376019
59,tau,sd,mfvb,0.118830667938802
59,log_tau,sd,mfvb,0.0630566245743312
59,mu,sd,lrvb,0.0537499366805865
59,tau,sd,lrvb,0.244930901339254
59,log_tau,sd,lrvb,0.129872229314477
59,mu,mean,mcmc,0.373171350172328
59,mu,sd,mcmc,0.0551576459858347
59,mu,effsize,mcmc,1163.12934793649
59,tau,mean,mcmc,1.79383650580521
59,tau,sd,mcmc,0.253936706030475
59,tau,effsize,mcmc,659.310200970765
59,log_tau,mean,mcmc,0.574534982576926
59,log_tau,sd,mcmc,0.139936666246284
60,mu,mean,truth,2.61646554209198
60,tau,mean,truth,1.99998840635146
60,log_tau,mean,truth,0.693141383718873
60,mu,mean,mfvb,2.54442374326318
60,tau,mean,mfvb,2.11520832004054
60,log_tau,mean,mfvb,0.747167864885493
60,mu,sd,mfvb,0.0318272189871526
60,tau,sd,mfvb,0.133245599664809
60,log_tau,sd,mfvb,0.0630566245743312
60,mu,sd,lrvb,0.0453458487199929
60,tau,sd,lrvb,0.237348909061033
60,log_tau,sd,lrvb,0.112245778622702
60,mu,mean,mcmc,2.54566602012604
60,mu,sd,mcmc,0.0465765219680005
60,mu,effsize,mcmc,1255.57594237449
60,tau,mean,mcmc,2.07756905310559
60,tau,sd,mcmc,0.246364866925884
60,tau,effsize,mcmc,986.366099239217
60,log_tau,mean,mcmc,0.724221191922085
60,log_tau,sd,mcmc,0.118140781623805
61,mu,mean,truth,0.779042198250341
61,tau,mean,truth,1.81679379683203
61,log_tau,mean,truth,0.597073297466102
61,mu,mean,mfvb,0.814352916876861
61,tau,mean,mfvb,1.87905166488357
61,log_tau,mean,mfvb,0.628781776764513
61,mu,sd,mfvb,0.0337678290277407
61,tau,sd,mfvb,0.118369128712471
61,log_tau,sd,mfvb,0.0630566245743312
61,mu,sd,lrvb,0.0519471338298463
61,tau,sd,lrvb,0.239338908223616
61,log_tau,sd,lrvb,0.127403125367323
61,mu,mean,mcmc,0.812422960474143
61,mu,sd,mcmc,0.053648548002947
61,mu,effsize,mcmc,1331.24190964015
61,tau,mean,mcmc,1.79511215915169
61,tau,sd,mcmc,0.239344125532318
61,tau,effsize,mcmc,758.513808993166
61,log_tau,mean,mcmc,0.576229936032003
61,log_tau,sd,mcmc,0.133144508774897
62,mu,mean,truth,2.74693232197868
62,tau,mean,truth,2.72636845551716
62,log_tau,mean,truth,1.00297048757315
62,mu,mean,mfvb,2.76553088815142
62,tau,mean,mfvb,2.57602742621608
62,log_tau,mean,mfvb,0.944263015773084
62,mu,sd,mfvb,0.0288405779389168
62,tau,sd,mfvb,0.162274474767836
62,log_tau,sd,mfvb,0.0630566245743312
62,mu,sd,lrvb,0.0412007809692368
62,tau,sd,lrvb,0.30205264995444
62,log_tau,sd,lrvb,0.117288828972288
62,mu,mean,mcmc,2.76388809454382
62,mu,sd,mcmc,0.0416198045498662
62,mu,effsize,mcmc,1261.12104870399
62,tau,mean,mcmc,2.54062064152356
62,tau,sd,mcmc,0.305670335157421
62,tau,effsize,mcmc,934.449763286058
62,log_tau,mean,mcmc,0.925182150440939
62,log_tau,sd,mcmc,0.12043989254059
63,mu,mean,truth,2.43313605738124
63,tau,mean,truth,1.26956312415908
63,log_tau,mean,truth,0.23867284456492
63,mu,mean,mfvb,2.23900150727522
63,tau,mean,mfvb,1.24637519688834
63,log_tau,mean,mfvb,0.218254056900235
63,mu,sd,mfvb,0.0414605953025408
63,tau,sd,mfvb,0.0785142574106131
63,log_tau,sd,mfvb,0.0630566245743312
63,mu,sd,lrvb,0.0577324847711768
63,tau,sd,lrvb,0.129393748811858
63,log_tau,sd,lrvb,0.103854012990768
63,mu,mean,mcmc,2.23853104808636
63,mu,sd,mcmc,0.0582236813276404
63,mu,effsize,mcmc,1268.41401705471
63,tau,mean,mcmc,1.20469984169352
63,tau,sd,mcmc,0.127961169465667
63,tau,effsize,mcmc,923.024114422582
63,log_tau,mean,mcmc,0.18057167708528
63,log_tau,sd,mcmc,0.106671958887586
64,mu,mean,truth,2.95896481135726
64,tau,mean,truth,7.76595437480159
64,log_tau,mean,truth,2.04974935629886
64,mu,mean,mfvb,2.96332593150409
64,tau,mean,mfvb,7.02945865669278
64,log_tau,mean,mfvb,1.94812425888433
64,mu,sd,mfvb,0.0174594155992185
64,tau,sd,mfvb,0.442814272786167
64,log_tau,sd,mfvb,0.0630566245743312
64,mu,sd,lrvb,0.0260907932668006
64,tau,sd,lrvb,0.996035734169775
64,log_tau,sd,lrvb,0.14172233232325
64,mu,mean,mcmc,2.96319080945986
64,mu,sd,mcmc,0.0259677590262181
64,mu,effsize,mcmc,1121.69971944818
64,tau,mean,mcmc,7.35514621644328
64,tau,sd,mcmc,1.10610014585858
64,tau,effsize,mcmc,580.138184609741
64,log_tau,mean,mcmc,1.98418590341951
64,log_tau,sd,mcmc,0.149930722116041
65,mu,mean,truth,1.69979912678531
65,tau,mean,truth,1.61338831203693
65,log_tau,mean,truth,0.478336509188637
65,mu,mean,mfvb,1.6673512002933
65,tau,mean,mfvb,1.43679641768001
65,log_tau,mean,mfvb,0.360430486064531
65,mu,sd,mfvb,0.0386159978203329
65,tau,sd,mfvb,0.0905096668049958
65,log_tau,sd,mfvb,0.0630566245743312
65,mu,sd,lrvb,0.0545586252204062
65,tau,sd,lrvb,0.154550430173739
65,log_tau,sd,lrvb,0.1076026314756
65,mu,mean,mcmc,1.66533921180051
65,mu,sd,mcmc,0.0556257937374704
65,mu,effsize,mcmc,1311.44590489414
65,tau,mean,mcmc,1.37726399125744
65,tau,sd,mcmc,0.1499411521406
65,tau,effsize,mcmc,733.279696965702
65,log_tau,mean,mcmc,0.314194365612081
65,log_tau,sd,mcmc,0.108760639771189
66,mu,mean,truth,0.737404404120167
66,tau,mean,truth,1.36222167014157
66,log_tau,mean,truth,0.309116947892326
66,mu,mean,mfvb,0.624124463442804
66,tau,mean,mfvb,1.49753112971357
66,log_tau,mean,mfvb,0.401832399344738
66,mu,sd,mfvb,0.037824941352222
66,tau,sd,mfvb,0.0943355940428501
66,log_tau,sd,mfvb,0.0630566245743312
66,mu,sd,lrvb,0.0564302635963161
66,tau,sd,lrvb,0.180111913534683
66,log_tau,sd,lrvb,0.120305338084955
66,mu,mean,mcmc,0.624071285992767
66,mu,sd,mcmc,0.0594825070788892
66,mu,effsize,mcmc,1006.48662572703
66,tau,mean,mcmc,1.40947704104984
66,tau,sd,mcmc,0.174326440863461
66,tau,effsize,mcmc,843.269775025972
66,log_tau,mean,mcmc,0.335602098803406
66,log_tau,sd,mcmc,0.123582083739531
67,mu,mean,truth,2.42474380804608
67,tau,mean,truth,9.03541133411563
67,log_tau,mean,truth,2.20115144975007
67,mu,mean,mfvb,2.41312418086518
67,tau,mean,mfvb,7.0687533215741
67,log_tau,mean,mfvb,1.95369869154237
67,mu,sd,mfvb,0.0174107596620126
67,tau,sd,mfvb,0.445289604003494
67,log_tau,sd,mfvb,0.0630566245743312
67,mu,sd,lrvb,0.0272970531816241
67,tau,sd,lrvb,1.10687894282978
67,log_tau,sd,lrvb,0.156612747451795
67,mu,mean,mcmc,2.41383659361005
67,mu,sd,mcmc,0.0270741684017191
67,mu,effsize,mcmc,1333.20119613886
67,tau,mean,mcmc,7.55656817369705
67,tau,sd,mcmc,1.20405634717097
67,tau,effsize,mcmc,572.713154466543
67,log_tau,mean,mcmc,2.00983315135791
67,log_tau,sd,mcmc,0.158858468373794
68,mu,mean,truth,1.52844284981588
68,tau,mean,truth,3.7884137853783
68,log_tau,mean,truth,1.33194740520236
68,mu,mean,mfvb,1.49772078654817
68,tau,mean,mfvb,3.82151730367551
68,log_tau,mean,mfvb,1.33866210443518
68,mu,sd,mfvb,0.0236792079647468
68,tau,sd,mfvb,0.240732962296562
68,log_tau,sd,mfvb,0.0630566245743312
68,mu,sd,lrvb,0.0378060368833196
68,tau,sd,lrvb,0.580002587967317
68,log_tau,sd,lrvb,0.15179882463282
68,mu,mean,mcmc,1.49928712386422
68,mu,sd,mcmc,0.0380119880977415
68,mu,effsize,mcmc,1133.99447071471
68,tau,mean,mcmc,3.908798659557
68,tau,sd,mcmc,0.629828084775842
68,tau,effsize,mcmc,524.863009523418
68,log_tau,mean,mcmc,1.35040734718091
68,log_tau,sd,mcmc,0.160217954514899
69,mu,mean,truth,2.58100373552793
69,tau,mean,truth,1.05320310282375
69,log_tau,mean,truth,0.0518360947273549
69,mu,mean,mfvb,2.65321996968352
69,tau,mean,mfvb,1.02641357101865
69,log_tau,mean,mfvb,0.0240853169554605
69,mu,sd,mfvb,0.0456868000364905
69,tau,sd,mfvb,0.0646579774099312
69,log_tau,sd,mfvb,0.0630566245743312
69,mu,sd,lrvb,0.0630080054192047
69,tau,sd,lrvb,0.102243245409015
69,log_tau,sd,lrvb,0.099651698558885
69,mu,mean,mcmc,2.65138083833585
69,mu,sd,mcmc,0.0649334378617085
69,mu,effsize,mcmc,1222.2829858027
69,tau,mean,mcmc,0.991046272842165
69,tau,sd,mcmc,0.100581043494461
69,tau,effsize,mcmc,1026.80988340628
69,log_tau,mean,mcmc,-0.0141225809222494
69,log_tau,sd,mcmc,0.101328607343459
70,mu,mean,truth,1.34645234728708
70,tau,mean,truth,1.41420522876569
70,log_tau,mean,truth,0.346567697512301
70,mu,mean,mfvb,1.32644866949144
70,tau,mean,mfvb,1.81626926791703
70,log_tau,mean,mfvb,0.594799105236759
70,mu,sd,mfvb,0.0343464240647186
70,tau,sd,mfvb,0.114414209448519
70,log_tau,sd,mfvb,0.0630566245743312
70,mu,sd,lrvb,0.0509141723234945
70,tau,sd,lrvb,0.217184935185455
70,log_tau,sd,lrvb,0.119610459490355
70,mu,mean,mcmc,1.32775067026467
70,mu,sd,mcmc,0.0517425631799523
70,mu,effsize,mcmc,1211.93221215982
70,tau,mean,mcmc,1.7564563772663
70,tau,sd,mcmc,0.213102331390013
70,tau,effsize,mcmc,889.173063899181
70,log_tau,mean,mcmc,0.556018943518038
70,log_tau,sd,mcmc,0.120584195775094
71,mu,mean,truth,0.0814171154017602
71,tau,mean,truth,1.95808424714545
71,log_tau,mean,truth,0.671966570325402
71,mu,mean,mfvb,0.0426893359662819
71,tau,mean,mfvb,2.00921453232748
71,log_tau,mean,mfvb,0.695758426524673
71,mu,sd,mfvb,0.0326558467745011
71,tau,sd,mfvb,0.126568618645606
71,log_tau,sd,mfvb,0.0630566245743312
71,mu,sd,lrvb,0.0547816060014445
71,tau,sd,lrvb,0.260497362894399
71,log_tau,sd,lrvb,0.129681744004971
71,mu,mean,mcmc,0.0423122168632363
71,mu,sd,mcmc,0.0556394648485693
71,mu,effsize,mcmc,1272.94851323562
71,tau,mean,mcmc,1.92590827184977
71,tau,sd,mcmc,0.258151476118322
71,tau,effsize,mcmc,812.509079654857
71,log_tau,mean,mcmc,0.646500901675833
71,log_tau,sd,mcmc,0.133410659695388
72,mu,mean,truth,2.05345017592598
72,tau,mean,truth,2.58323332713793
72,log_tau,mean,truth,0.949041841872174
72,mu,mean,mfvb,2.0551731146516
72,tau,mean,mfvb,2.53707640593462
72,log_tau,mean,mfvb,0.929026957575755
72,mu,sd,mfvb,0.0290611067467776
72,tau,sd,mfvb,0.159820791125542
72,log_tau,sd,mfvb,0.0630566245743312
72,mu,sd,lrvb,0.0427722663633452
72,tau,sd,lrvb,0.334742461937791
72,log_tau,sd,lrvb,0.131970110395648
72,mu,mean,mcmc,2.05524655514036
72,mu,sd,mcmc,0.0442500464061308
72,mu,effsize,mcmc,1143.2980012669
72,tau,mean,mcmc,2.50200818592288
72,tau,sd,mcmc,0.3347483414857
72,tau,effsize,mcmc,422.6735516354
72,log_tau,mean,mcmc,0.908289278987581
72,log_tau,sd,mcmc,0.132518685591676
73,mu,mean,truth,1.5413993024623
73,tau,mean,truth,2.88221816587559
73,log_tau,mean,truth,1.05856019418333
73,mu,mean,mfvb,1.52611699037142
73,tau,mean,mfvb,3.80812893869357
73,log_tau,mean,mfvb,1.33515253707157
73,mu,sd,mfvb,0.0237208169693692
73,tau,sd,mfvb,0.239889574577415
73,log_tau,sd,mfvb,0.0630566245743312
73,mu,sd,lrvb,0.0381291200027218
73,tau,sd,lrvb,0.622898902690749
73,log_tau,sd,lrvb,0.163594951684766
73,mu,mean,mcmc,1.5268850503126
73,mu,sd,mcmc,0.0377161244335405
73,mu,effsize,mcmc,1137.43469191298
73,tau,mean,mcmc,3.91224519844142
73,tau,sd,mcmc,0.695472339163694
73,tau,effsize,mcmc,457.700992485067
73,log_tau,mean,mcmc,1.3487264513698
73,log_tau,sd,mcmc,0.175078748651686
74,mu,mean,truth,2.88991669882446
74,tau,mean,truth,2.28441305648773
74,log_tau,mean,truth,0.826109123292031
74,mu,mean,mfvb,2.8949837982287
74,tau,mean,mfvb,1.93681834612927
74,log_tau,mean,mfvb,0.659061159753723
74,mu,sd,mfvb,0.0332605015818856
74,tau,sd,mfvb,0.122008087584893
74,log_tau,sd,mfvb,0.0630566245743312
74,mu,sd,lrvb,0.0469079232958104
74,tau,sd,lrvb,0.213180496513575
74,log_tau,sd,lrvb,0.110103175719171
74,mu,mean,mcmc,2.89744815468508
74,mu,sd,mcmc,0.0474715547623016
74,mu,effsize,mcmc,1087.57480560398
74,tau,mean,mcmc,1.89606963725947
74,tau,sd,mcmc,0.215064257015593
74,tau,effsize,mcmc,901.990514633045
74,log_tau,mean,mcmc,0.633370912504092
74,log_tau,sd,mcmc,0.11338977795462
75,mu,mean,truth,1.81153309830991
75,tau,mean,truth,5.72322871717216
75,log_tau,mean,truth,1.74453310718758
75,mu,mean,mfvb,1.77369502071275
75,tau,mean,mfvb,6.16602941876451
75,log_tau,mean,mfvb,1.81706966134348
75,mu,sd,mfvb,0.0186418130665048
75,tau,sd,mfvb,0.388423343303793
75,log_tau,sd,mfvb,0.0630566245743312
75,mu,sd,lrvb,0.0307330274373772
75,tau,sd,lrvb,1.07813509043641
75,log_tau,sd,lrvb,0.174873329307336
75,mu,mean,mcmc,1.77440974332714
75,mu,sd,mcmc,0.0290821521020313
75,mu,effsize,mcmc,1269.47897784065
75,tau,mean,mcmc,6.65791234267869
75,tau,sd,mcmc,1.26634200769844
75,tau,effsize,mcmc,374.744037337871
75,log_tau,mean,mcmc,1.87830665505567
75,log_tau,sd,mcmc,0.186421455876742
76,mu,mean,truth,2.94757398790109
76,tau,mean,truth,9.51177924595697
76,log_tau,mean,truth,2.25253095116679
76,mu,mean,mfvb,2.91147922516736
76,tau,mean,mfvb,8.93377427665536
76,log_tau,mean,mfvb,2.1878535177223
76,mu,sd,mfvb,0.0154872589424894
76,tau,sd,mfvb,0.562774881076631
76,log_tau,sd,mfvb,0.0630566245743312
76,mu,sd,lrvb,0.0234427036788261
76,tau,sd,lrvb,1.30278634169582
76,log_tau,sd,lrvb,0.145854123337598
76,mu,mean,mcmc,2.91128975096322
76,mu,sd,mcmc,0.0226679835025856
76,mu,effsize,mcmc,1082.14352816106
76,tau,mean,mcmc,9.72373018710385
76,tau,sd,mcmc,1.46755445823747
76,tau,effsize,mcmc,754.611071197561
76,log_tau,mean,mcmc,2.26321873831192
76,log_tau,sd,mcmc,0.151009986891137
77,mu,mean,truth,1.07176656549693
77,tau,mean,truth,2.51857967060696
77,log_tau,mean,truth,0.923695119853292
77,mu,mean,mfvb,1.07292412884321
77,tau,mean,mfvb,3.21570515691513
77,log_tau,mean,mfvb,1.16606122781478
77,mu,sd,mfvb,0.0258133685544231
77,tau,sd,mfvb,0.202570384164414
77,log_tau,sd,mfvb,0.0630566245743312
77,mu,sd,lrvb,0.043017376890565
77,tau,sd,lrvb,0.502516183761984
77,log_tau,sd,lrvb,0.156294582478306
77,mu,mean,mcmc,1.07149891980201
77,mu,sd,mcmc,0.0430336772550482
77,mu,effsize,mcmc,1149.77203192329
77,tau,mean,mcmc,3.22572989828742
77,tau,sd,mcmc,0.532447721582661
77,tau,effsize,mcmc,523.121376301645
77,log_tau,mean,mcmc,1.15771645925068
77,log_tau,sd,mcmc,0.164104637125095
78,mu,mean,truth,0.480061719025676
78,tau,mean,truth,1.14753817662291
78,log_tau,mean,truth,0.137618931787309
78,mu,mean,mfvb,0.524105023138761
78,tau,mean,mfvb,1.33679100176256
78,log_tau,mean,mfvb,0.288286527864013
78,mu,sd,mfvb,0.0400341581408529
78,tau,sd,mfvb,0.084209917750777
78,log_tau,sd,mfvb,0.0630566245743312
78,mu,sd,lrvb,0.0581636321549448
78,tau,sd,lrvb,0.147243585987706
78,log_tau,sd,lrvb,0.110182832917493
78,mu,mean,mcmc,0.524319949392626
78,mu,sd,mcmc,0.059089744598485
78,mu,effsize,mcmc,1366.09072501841
78,tau,mean,mcmc,1.2646547406474
78,tau,sd,mcmc,0.144528018663909
78,tau,effsize,mcmc,991.571429723288
78,log_tau,mean,mcmc,0.228358984156276
78,log_tau,sd,mcmc,0.113339452014463
79,mu,mean,truth,1.82706787700766
79,tau,mean,truth,6.27022734458182
79,log_tau,mean,truth,1.83581261309144
79,mu,mean,mfvb,1.79725488781049
79,tau,mean,mfvb,6.49980523947426
79,log_tau,mean,mfvb,1.86978677405952
79,mu,sd,mfvb,0.018156826103088
79,tau,sd,mfvb,0.409449243666766
79,log_tau,sd,mfvb,0.0630566245743312
79,mu,sd,lrvb,0.0303962315173635
79,tau,sd,lrvb,1.15048978083049
79,log_tau,sd,lrvb,0.177026000541736
79,mu,mean,mcmc,1.79907577886099
79,mu,sd,mcmc,0.0309446012495001
79,mu,effsize,mcmc,912.926963209458
79,tau,mean,mcmc,6.97742437408374
79,tau,sd,mcmc,1.31525691720933
79,tau,effsize,mcmc,298.135846574455
79,log_tau,mean,mcmc,1.92540503535604
79,log_tau,sd,mcmc,0.185401380427863
80,mu,mean,truth,2.37866267190011
80,tau,mean,truth,1.12961599395835
80,log_tau,mean,truth,0.121877746614065
80,mu,mean,mfvb,2.41724651380753
80,tau,mean,mfvb,1.22494990693038
80,log_tau,mean,mfvb,0.200914511623489
80,mu,sd,mfvb,0.0418215490711998
80,tau,sd,mfvb,0.0771645910059405
80,log_tau,sd,mfvb,0.0630566245743312
80,mu,sd,lrvb,0.058112981031229
80,tau,sd,lrvb,0.129954131199609
80,log_tau,sd,lrvb,0.106126493845446
80,mu,mean,mcmc,2.41631510740186
80,mu,sd,mcmc,0.0594672746552555
80,mu,effsize,mcmc,1381.46387479655
80,tau,mean,mcmc,1.18211460091188
80,tau,sd,mcmc,0.129743282744852
80,tau,effsize,mcmc,1049.02151655509
80,log_tau,mean,mcmc,0.161257085271778
80,log_tau,sd,mcmc,0.110311532568525
81,mu,mean,truth,2.97588006369591
81,tau,mean,truth,1.70308094685361
81,log_tau,mean,truth,0.532438932467332
81,mu,mean,mfvb,2.98451630066857
81,tau,mean,mfvb,1.73156199739309
81,log_tau,mean,mfvb,0.547038450582062
81,mu,sd,mfvb,0.0351763982059349
81,tau,sd,mfvb,0.109078152971248
81,log_tau,sd,mfvb,0.0630566245743312
81,mu,sd,lrvb,0.0492896361596116
81,tau,sd,lrvb,0.183684135132456
81,log_tau,sd,lrvb,0.10611717601513
81,mu,mean,mcmc,2.9846393225026
81,mu,sd,mcmc,0.0499079137738867
81,mu,effsize,mcmc,1241.77694141051
81,tau,mean,mcmc,1.69061577408641
81,tau,sd,mcmc,0.18331134359276
81,tau,effsize,mcmc,1008.4788678563
81,log_tau,mean,mcmc,0.519238936273554
81,log_tau,sd,mcmc,0.108303423054376
82,mu,mean,truth,2.54888452975209
82,tau,mean,truth,1.24391203548787
82,log_tau,mean,truth,0.218261280794236
82,mu,mean,mfvb,2.49963668620036
82,tau,mean,mfvb,1.32044821832509
82,log_tau,mean,mfvb,0.27598579906289
82,mu,sd,mfvb,0.0402811015904238
82,tau,sd,mfvb,0.0831804191625363
82,log_tau,sd,mfvb,0.0630566245743312
82,mu,sd,lrvb,0.0559865235336154
82,tau,sd,lrvb,0.137750091609971
82,log_tau,sd,lrvb,0.104358487102792
82,mu,mean,mcmc,2.50032773574894
82,mu,sd,mcmc,0.0568380690360634
82,mu,effsize,mcmc,1902.13973870407
82,tau,mean,mcmc,1.28197775827417
82,tau,sd,mcmc,0.133854775134419
82,tau,effsize,mcmc,1161.73475140496
82,log_tau,mean,mcmc,0.242977204390345
82,log_tau,sd,mcmc,0.104259025158999
83,mu,mean,truth,0.288171514223502
83,tau,mean,truth,1.61773823750681
83,log_tau,mean,truth,0.48102902403207
83,mu,mean,mfvb,0.231110714752002
83,tau,mean,mfvb,1.7593477832617
83,log_tau,mean,mfvb,0.562957723441608
83,mu,sd,mfvb,0.0348975523280813
83,tau,sd,mfvb,0.110828492956744
83,log_tau,sd,mfvb,0.0630566245743312
83,mu,sd,lrvb,0.0556478487585162
83,tau,sd,lrvb,0.222174287385807
83,log_tau,sd,lrvb,0.126313399609038
83,mu,mean,mcmc,0.229796521543656
83,mu,sd,mcmc,0.055326146741856
83,mu,effsize,mcmc,1368.73911339919
83,tau,mean,mcmc,1.66474705729265
83,tau,sd,mcmc,0.215932790488366
83,tau,effsize,mcmc,765.548229926672
83,log_tau,mean,mcmc,0.501354310342995
83,log_tau,sd,mcmc,0.128959517114757
84,mu,mean,truth,1.02354660567085
84,tau,mean,truth,2.64684529052791
84,log_tau,mean,truth,0.973368474437473
84,mu,mean,mfvb,1.08658136334611
84,tau,mean,mfvb,3.05178253312225
84,log_tau,mean,mfvb,1.11374041775638
84,mu,sd,mfvb,0.0264975197489201
84,tau,sd,mfvb,0.192244229478386
84,log_tau,sd,mfvb,0.0630566245743312
84,mu,sd,lrvb,0.0434750904372008
84,tau,sd,lrvb,0.462466465993661
84,log_tau,sd,lrvb,0.151565794558271
84,mu,mean,mcmc,1.08629795370366
84,mu,sd,mcmc,0.0433449281355529
84,mu,effsize,mcmc,1156.38350101002
84,tau,mean,mcmc,3.02067122738788
84,tau,sd,mcmc,0.475636581071026
84,tau,effsize,mcmc,584.622383207455
84,log_tau,mean,mcmc,1.09344810397028
84,log_tau,sd,mcmc,0.154566649113559
85,mu,mean,truth,0.418822782073069
85,tau,mean,truth,2.84017154649408
85,log_tau,mean,truth,1.04386445404398
85,mu,mean,mfvb,0.435822406302575
85,tau,mean,mfvb,3.26124559574346
85,log_tau,mean,mfvb,1.18012376775141
85,mu,sd,mfvb,0.0256325163140196
85,tau,sd,mfvb,0.20543916215814
85,log_tau,sd,mfvb,0.0630566245743312
85,mu,sd,lrvb,0.0479111093782601
85,tau,sd,lrvb,0.563984913535459
85,log_tau,sd,lrvb,0.17295822420041
85,mu,mean,mcmc,0.43447201180475
85,mu,sd,mcmc,0.0483381444488819
85,mu,effsize,mcmc,902.258827833405
85,tau,mean,mcmc,3.27677337031658
85,tau,sd,mcmc,0.654220779315628
85,tau,effsize,mcmc,381.042858417792
85,log_tau,mean,mcmc,1.1679951136796
85,log_tau,sd,mcmc,0.192615950663553
86,mu,mean,truth,2.07914621309091
86,tau,mean,truth,1.35138572189413
86,log_tau,mean,truth,0.301130526662133
86,mu,mean,mfvb,2.06931637316073
86,tau,mean,mfvb,1.49671132763417
86,log_tau,mean,mfvb,0.401284813695573
86,mu,sd,mfvb,0.0378352974851143
86,tau,sd,mfvb,0.0942839513660307
86,log_tau,sd,mfvb,0.0630566245743312
86,mu,sd,lrvb,0.0533517657227099
86,tau,sd,lrvb,0.158765292498597
86,log_tau,sd,lrvb,0.106113249865382
86,mu,mean,mcmc,2.06580642384473
86,mu,sd,mcmc,0.0541371480339733
86,mu,effsize,mcmc,1290.53712660679
86,tau,mean,mcmc,1.44913318811356
86,tau,sd,mcmc,0.157944428368644
86,tau,effsize,mcmc,1036.23901207539
86,log_tau,mean,mcmc,0.365065805072778
86,log_tau,sd,mcmc,0.108659969527731
87,mu,mean,truth,1.84864504022981
87,tau,mean,truth,2.39393235637779
87,log_tau,mean,truth,0.872937351255298
87,mu,mean,mfvb,1.84696180189194
87,tau,mean,mfvb,2.22882136157493
87,log_tau,mean,mfvb,0.799487469101192
87,mu,sd,mfvb,0.0310055011859738
87,tau,sd,mfvb,0.140402548559895
87,log_tau,sd,mfvb,0.0630566245743312
87,mu,sd,lrvb,0.0456498036171736
87,tau,sd,lrvb,0.278882476384533
87,log_tau,sd,lrvb,0.125157040111909
87,mu,mean,mcmc,1.84804815946931
87,mu,sd,mcmc,0.0459032103999916
87,mu,effsize,mcmc,1415.52069864949
87,tau,mean,mcmc,2.18170359144355
87,tau,sd,mcmc,0.27968295431155
87,tau,effsize,mcmc,767.764645446273
87,log_tau,mean,mcmc,0.771895202736424
87,log_tau,sd,mcmc,0.128417524103393
88,mu,mean,truth,0.213830340814993
88,tau,mean,truth,2.43521681375759
88,log_tau,mean,truth,0.890035793128211
88,mu,mean,mfvb,0.205753820240999
88,tau,mean,mfvb,2.07528776902007
88,log_tau,mean,mfvb,0.72811438869668
88,mu,sd,mfvb,0.0321318461577505
88,tau,sd,mfvb,0.130730841326694
88,log_tau,sd,mfvb,0.0630566245743312
88,mu,sd,lrvb,0.0539058509841414
88,tau,sd,lrvb,0.291356939559397
88,log_tau,sd,lrvb,0.140421587785101
88,mu,mean,mcmc,0.206244415556269
88,mu,sd,mcmc,0.0544467487626394
88,mu,effsize,mcmc,1109.47634525152
88,tau,mean,mcmc,1.9840090088121
88,tau,sd,mcmc,0.291808477188401
88,tau,effsize,mcmc,723.57383432891
88,log_tau,mean,mcmc,0.674456448231005
88,log_tau,sd,mcmc,0.145941198877572
89,mu,mean,truth,2.41321218321598
89,tau,mean,truth,1.37308988295677
89,log_tau,mean,truth,0.317063589287524
89,mu,mean,mfvb,2.51472033990868
89,tau,mean,mfvb,1.84870992637708
89,log_tau,mean,mfvb,0.612502619508803
89,mu,sd,mfvb,0.0340437747184028
89,tau,sd,mfvb,0.116457778845006
89,log_tau,sd,mfvb,0.0630566245743312
89,mu,sd,lrvb,0.0482785920816883
89,tau,sd,lrvb,0.209241356958385
89,log_tau,sd,lrvb,0.113217185554951
89,mu,mean,mcmc,2.51184906972516
89,mu,sd,mcmc,0.0500546723790082
89,mu,effsize,mcmc,1396.45577441303
89,tau,mean,mcmc,1.79748758632992
89,tau,sd,mcmc,0.211522540201815
89,tau,effsize,mcmc,896.171737195853
89,log_tau,mean,mcmc,0.579538843326707
89,log_tau,sd,mcmc,0.117015722414572
90,mu,mean,truth,1.39257188612065
90,tau,mean,truth,1.71892338241953
90,log_tau,mean,truth,0.541698154389088
90,mu,mean,mfvb,1.44467846222766
90,tau,mean,mfvb,2.11436475423777
90,log_tau,mean,mfvb,0.746768975541749
90,mu,sd,mfvb,0.0318335667461926
90,tau,sd,mfvb,0.133192460014127
90,log_tau,sd,mfvb,0.0630566245743312
90,mu,sd,lrvb,0.0473867700727179
90,tau,sd,lrvb,0.272975046369821
90,log_tau,sd,lrvb,0.129135522223834
90,mu,mean,mcmc,1.44559479110414
90,mu,sd,mcmc,0.0480205793650389
90,mu,effsize,mcmc,1498.50956052914
90,tau,mean,mcmc,2.04378451072679
90,tau,sd,mcmc,0.270913126560507
90,tau,effsize,mcmc,862.74412055535
90,log_tau,mean,mcmc,0.706112983778225
90,log_tau,sd,mcmc,0.131807030184139
91,mu,mean,truth,0.404003325236718
91,tau,mean,truth,2.23540562520424
91,log_tau,mean,truth,0.804422699385747
91,mu,mean,mfvb,0.445773915007179
91,tau,mean,mfvb,2.46049972379716
91,log_tau,mean,mfvb,0.898379029833769
91,mu,sd,mfvb,0.0295098289310851
91,tau,sd,mfvb,0.154996913574057
91,log_tau,sd,mfvb,0.0630566245743312
91,mu,sd,lrvb,0.0505989416511482
91,tau,sd,lrvb,0.368382700656877
91,log_tau,sd,lrvb,0.149744978348803
91,mu,mean,mcmc,0.447133910829577
91,mu,sd,mcmc,0.0529793815496331
91,mu,effsize,mcmc,1053.38999908719
91,tau,mean,mcmc,2.38738902526386
91,tau,sd,mcmc,0.390117542680822
91,tau,effsize,mcmc,531.622599799441
91,log_tau,mean,mcmc,0.857343629677607
91,log_tau,sd,mcmc,0.1594074172043
92,mu,mean,truth,1.21427934525987
92,tau,mean,truth,1.09015623968435
92,log_tau,mean,truth,0.086321025128927
92,mu,mean,mfvb,1.16858507757585
92,tau,mean,mfvb,1.20737895829866
92,log_tau,mean,mfvb,0.186466420710101
92,mu,sd,mfvb,0.042124710130832
92,tau,sd,mfvb,0.0760577252826304
92,log_tau,sd,mfvb,0.0630566245743312
92,mu,sd,lrvb,0.0592267704990548
92,tau,sd,lrvb,0.128583103547639
92,log_tau,sd,lrvb,0.106534725914182
92,mu,mean,mcmc,1.1681334890864
92,mu,sd,mcmc,0.0589320982870272
92,mu,effsize,mcmc,1452.15622988706
92,tau,mean,mcmc,1.15232542282173
92,tau,sd,mcmc,0.126411967979636
92,tau,effsize,mcmc,922.369660133825
92,log_tau,mean,mcmc,0.135786289817997
92,log_tau,sd,mcmc,0.109632887817169
93,mu,mean,truth,1.92972923619384
93,tau,mean,truth,7.96369839735833
93,log_tau,mean,truth,2.07489351473626
93,mu,mean,mfvb,1.94055350088175
93,tau,mean,mfvb,7.16571474140354
93,log_tau,mean,mfvb,1.96732237162699
93,mu,sd,mfvb,0.0172925386927947
93,tau,sd,mfvb,0.451397599328149
93,log_tau,sd,mfvb,0.0630566245743312
93,mu,sd,lrvb,0.028293180146793
93,tau,sd,lrvb,1.2280470145628
93,log_tau,sd,lrvb,0.17140116101962
93,mu,mean,mcmc,1.94080525729884
93,mu,sd,mcmc,0.027887551052331
93,mu,effsize,mcmc,1113.22915759558
93,tau,mean,mcmc,7.72603769847288
93,tau,sd,mcmc,1.43367068984536
93,tau,effsize,mcmc,378.989362495067
93,log_tau,mean,mcmc,2.02795065854047
93,log_tau,sd,mcmc,0.181659311802971
94,mu,mean,truth,1.28089656845559
94,tau,mean,truth,1.27987734761182
94,log_tau,mean,truth,0.246764251162019
94,mu,mean,mfvb,1.2119833703639
94,tau,mean,mfvb,1.22621223406425
94,log_tau,mean,mfvb,0.201944494278946
94,mu,sd,mfvb,0.0418000206442047
94,tau,sd,mfvb,0.0772441101409271
94,log_tau,sd,mfvb,0.0630566245743312
94,mu,sd,lrvb,0.0590188151377722
94,tau,sd,lrvb,0.13673321965208
94,log_tau,sd,lrvb,0.111543953895184
94,mu,mean,mcmc,1.20670007111461
94,mu,sd,mcmc,0.0580198468292866
94,mu,effsize,mcmc,1607.17740981518
94,tau,mean,mcmc,1.16173937598605
94,tau,sd,mcmc,0.133609928245437
94,tau,effsize,mcmc,1022.42040740668
94,log_tau,mean,mcmc,0.143295139169282
94,log_tau,sd,mcmc,0.115369443037504
95,mu,mean,truth,0.485827459735548
95,tau,mean,truth,9.51604167103651
95,log_tau,mean,truth,2.25297897148078
95,mu,mean,mfvb,0.424853448849743
95,tau,mean,mfvb,4.42859754105083
95,log_tau,mean,mfvb,1.48609751254341
95,mu,sd,mfvb,0.0219853528826879
95,tau,sd,mfvb,0.278975422628873
95,log_tau,sd,mfvb,0.0630566245743312
95,mu,sd,lrvb,0.0463104664450944
95,tau,sd,lrvb,0.906995712174452
95,log_tau,sd,lrvb,0.204823522373848
95,mu,mean,mcmc,0.424491666401061
95,mu,sd,mcmc,0.045818704327337
95,mu,effsize,mcmc,744.823453047145
95,tau,mean,mcmc,4.80247444251016
95,tau,sd,mcmc,1.13089467629789
95,tau,effsize,mcmc,229.139783274652
95,log_tau,mean,mcmc,1.54308187678911
95,log_tau,sd,mcmc,0.226074466108622
96,mu,mean,truth,0.152208445670358
96,tau,mean,truth,6.43620117740469
96,log_tau,mean,truth,1.86193848678404
96,mu,mean,mfvb,0.162051954713404
96,tau,mean,mfvb,4.54119565884082
96,log_tau,mean,mfvb,1.51120489912264
96,mu,sd,mfvb,0.0217178237268561
96,tau,sd,mfvb,0.286068437337594
96,log_tau,sd,mfvb,0.0630566245743312
96,mu,sd,lrvb,0.0486554306726719
96,tau,sd,lrvb,0.951507734720081
96,log_tau,sd,lrvb,0.20954683268777
96,mu,mean,mcmc,0.16253290764599
96,mu,sd,mcmc,0.0483589691634754
96,mu,effsize,mcmc,669.615297583594
96,tau,mean,mcmc,4.86174730978589
96,tau,sd,mcmc,1.16694910259052
96,tau,effsize,mcmc,257.316509842255
96,log_tau,mean,mcmc,1.55424603065238
96,log_tau,sd,mcmc,0.231206928897581
97,mu,mean,truth,0.5185747926612
97,tau,mean,truth,1.09902158329175
97,log_tau,mean,truth,0.0944203142566238
97,mu,mean,mfvb,0.480112383430945
97,tau,mean,mfvb,1.14353282694472
97,log_tau,mean,mfvb,0.132137002261993
97,mu,sd,mfvb,0.043284485273481
97,tau,sd,mfvb,0.0720357970508189
97,log_tau,sd,mfvb,0.0630566245743312
97,mu,sd,lrvb,0.0606485078796188
97,tau,sd,lrvb,0.124489310340848
97,log_tau,sd,lrvb,0.108899987780959
97,mu,mean,mcmc,0.477046884172715
97,mu,sd,mcmc,0.0604994389697781
97,mu,effsize,mcmc,1508.67040186107
97,tau,mean,mcmc,1.07483227139877
97,tau,sd,mcmc,0.118900669780125
97,tau,effsize,mcmc,1031.39323617561
97,log_tau,mean,mcmc,0.066057884084052
97,log_tau,sd,mcmc,0.110658963199469
98,mu,mean,truth,1.68221302918346
98,tau,mean,truth,1.55713195447297
98,log_tau,mean,truth,0.442845638440664
98,mu,mean,mfvb,1.63871774816082
98,tau,mean,mfvb,1.13655699874839
98,log_tau,mean,mfvb,0.126018076697723
98,mu,sd,mfvb,0.0434170903669602
98,tau,sd,mfvb,0.0715963611794802
98,log_tau,sd,mfvb,0.0630566245743312
98,mu,sd,lrvb,0.0602774010621397
98,tau,sd,lrvb,0.116841298602282
98,log_tau,sd,lrvb,0.102841187723383
98,mu,mean,mcmc,1.63507836234763
98,mu,sd,mcmc,0.0625289010444981
98,mu,effsize,mcmc,1311.65798683154
98,tau,mean,mcmc,1.08459614678492
98,tau,sd,mcmc,0.115442455447898
98,tau,effsize,mcmc,952.414399841287
98,log_tau,mean,mcmc,0.0755350164391254
98,log_tau,sd,mcmc,0.106747480931452
99,mu,mean,truth,2.20818662700975
99,tau,mean,truth,1.95444643050336
99,log_tau,mean,truth,0.670106997588412
99,mu,mean,mfvb,2.20271340987139
99,tau,mean,mfvb,2.21060413112101
99,log_tau,mean,mfvb,0.791280401435777
99,mu,sd,mfvb,0.0311329823850311
99,tau,sd,mfvb,0.139254970908528
99,log_tau,sd,mfvb,0.0630566245743312
99,mu,sd,lrvb,0.0449982700589584
99,tau,sd,lrvb,0.271090753408826
99,log_tau,sd,lrvb,0.122664116777758
99,mu,mean,mcmc,2.20206425037854
99,mu,sd,mcmc,0.0451229003901703
99,mu,effsize,mcmc,1401.70908264209
99,tau,mean,mcmc,2.16259910097954
99,tau,sd,mcmc,0.277661398458969
99,tau,effsize,mcmc,814.814765352353
99,log_tau,mean,mcmc,0.763216438456238
99,log_tau,sd,mcmc,0.126992915501498
100,mu,mean,truth,0.814081292637304
100,tau,mean,truth,1.14269016169155
100,log_tau,mean,truth,0.133385273429736
100,mu,mean,mfvb,0.826382504109755
100,tau,mean,mfvb,1.23216214282915
100,log_tau,mean,mfvb,0.206785026655452
100,mu,sd,mfvb,0.0416989933856354
100,tau,sd,mfvb,0.0776189191627231
100,log_tau,sd,mfvb,0.0630566245743312
100,mu,sd,lrvb,0.0594627071142958
100,tau,sd,lrvb,0.136552587983962
100,log_tau,sd,lrvb,0.110859118225202
100,mu,mean,mcmc,0.823587103776311
100,mu,sd,mcmc,0.0603933353775093
100,mu,effsize,mcmc,1392.37865993242
100,tau,mean,mcmc,1.15790400885624
100,tau,sd,mcmc,0.131481349645733
100,tau,effsize,mcmc,1046.66869964395
100,log_tau,mean,mcmc,0.140179321498554
100,log_tau,sd,mcmc,0.113596585774125
-1,analysis,n,truth,500
-1,analysis,mcmc_iters,truth,20000
-1,analysis,mu_prior_var,truth,10
-1,analysis,tau_prior_alpha,truth,1
-1,analysis,tau_prior_beta,truth,1
